id,domain,status,purchase_price,renewal_price,attractiveness,demand,length,registrar,created_at,expires_at
004a064d-4d23-4068-bcb0-74b728171d93,godownfighting.school,available,9.99,,44,1,16,name.com,,
0073317b-7c12-4b21-9bf6-268adbdf0e3d,beridof.school,available,9.99,,46,1,9,name.com,,
00733bfb-9e07-473b-ae60-89cbf8f19632,pennies.school,available,9.99,,56,6,7,name.com,,
008ecba2-1d95-47e5-8ee8-22473b8a5bd6,fastacting.school,available,9.99,,72,1,11,name.com,,
009afa76-dfb2-4618-a226-6b7a8f295246,goaroundthehouses.school,available,9.99,,60,0,20,name.com,,
00b7b8e8-67ba-4161-96fa-4ce51e813d92,specialed.school,available,9.99,,76,6,10,name.com,,
00ec0c51-0323-4424-88f5-38a12d8250af,advantageground.school,available,9.99,,48,0,16,name.com,,
0118409f-b805-408f-b2f9-fdfecc05e739,placeanorder.school,available,9.99,,72,0,14,name.com,,
011ccbea-0b6f-4dc9-9fac-25a670329b39,motorinn.school,available,9.99,,74,1,9,name.com,,
01507ada-f701-4fd6-9276-94428f5634bb,coffeeand.school,available,9.99,,76,4,10,name.com,,
01696bae-951f-4e13-ab93-a948ec2aafb2,newsarticle.school,available,9.99,,46,2,12,name.com,,
01870fde-cdbe-483a-a965-5ac54fdc37d7,getthememo.school,available,9.99,,74,1,12,name.com,,
01b0d5b6-4e56-4132-99bd-994e7e2503c2,thanksgiving.school,available,9.99,,84,13,12,name.com,,
01b222dc-9f0f-4ca7-990e-ce032432d278,filed.school,available,9.99,,48,7,5,name.com,,
01d798dd-19ed-4dc0-9e1c-e44f84c397bb,giveatry.school,available,9.99,,56,2,10,name.com,,
020d777c-2b30-41fc-b649-f424930b8b44,clients.school,available,9.99,,58,20,7,name.com,,
02760ffe-7d1d-4924-9ff0-001b43e9034f,refused.school,available,9.99,,50,4,7,name.com,,
03018038-8487-4ee6-9b97-cc56259cc9da,couldof.school,available,9.99,,49,1,8,name.com,,
0323e688-4347-4e62-a22e-1da58fbf558e,manybodied.school,available,9.99,,68,1,11,name.com,,
035cee32-9948-4782-bc38-d7400d1ed482,thickskinned.school,available,9.99,,52,1,13,name.com,,
038dbf27-3b05-4549-b0be-b17267e8e051,makeswaves.school,available,9.99,,60,1,11,name.com,,
03b9c901-cc2e-49bd-8ae5-3dbd098744f1,Williamson.school,available,49.98,,60,13,10,namecheap,,
03c8fd81-1c59-44cc-9fc0-ac513c05036f,indetail.school,available,9.99,,49,4,9,name.com,,
03e8f4ac-220e-4808-b0ef-df06edf8c7c8,barwood.school,available,9.99,,52,3,8,name.com,,
040f82b7-643f-41f5-94d5-a8d212ea54e8,nowonder.school,available,9.99,,78,3,9,name.com,,
045589b1-001d-4295-8441-ece3dce9b031,sneezes.school,available,9.99,,50,2,7,name.com,,
045e3d23-5bf7-48de-b888-99987aa17028,genes.school,available,9.99,,54,10,5,name.com,,
046d018b-a917-4b76-bc6c-d9adce839208,organisational.school,available,9.99,,54,1,14,name.com,,
0490664b-a414-4615-86d1-33612cb3b411,poured.school,available,9.99,,56,4,6,name.com,,
04b0bb0d-3f58-482f-8745-b847af7384dd,likeso.school,available,9.99,,52,1,7,name.com,,
04b400a0-252a-4dee-890c-26c7e8f89f3f,gostraight.school,available,9.99,,70,2,11,name.com,,
04c3ddf6-3b54-402b-b503-f84d1191368c,accountof.school,available,9.99,,72,1,10,name.com,,
04d4bdaa-e4ee-474e-9828-5d8f1afff75a,publicopinion.school,available,9.99,,70,7,14,name.com,,
04e5629e-5adc-44ab-99e5-de9ba5202c19,strapup.school,available,9.99,,68,1,8,name.com,,
04e5b037-f2bb-495a-8fb6-477e6cc94549,divineintervention.school,available,9.99,,68,6,19,name.com,,
04ea58dd-654f-421c-99a9-102922d78d0b,estimated.school,available,9.99,,50,5,9,name.com,,
04fab565-5e84-44e9-91ad-bcbf6917f451,roastpork.school,available,9.99,,76,1,10,name.com,,
04fd27bc-6389-4707-9464-54822ec3109f,printmedia.school,available,9.99,,78,6,11,name.com,,
050aa96a-6646-4af0-be25-58eb82b6440a,popup.school,available,9.99,,84,29,6,name.com,,
051baa0b-dac9-4696-b64f-b87addfa8bfa,demonstrating.school,available,9.99,,48,1,13,name.com,,
051f04b5-9699-447b-bff6-15756ab04f12,sportsperson.school,available,9.99,,77,2,12,name.com,,
0549882c-9bbf-4c3e-b252-9d6f5922e58f,therewego.school,available,9.99,,56,2,11,name.com,,
054b4d02-f80d-40dd-b15c-3c16a13a606f,searches.school,available,9.99,,50,9,8,name.com,,
05558ab2-4a74-4785-bd28-b5be236eae56,shots.school,available,9.99,,56,13,5,name.com,,
05822100-218e-43be-8fea-5898cb59328a,indoor.school,available,9.99,,72,15,6,name.com,,
05a13523-e78a-45a2-badf-f12c9d624069,inthewayof.school,available,9.99,,44,0,13,name.com,,
05b19eca-7d4c-4064-bc04-b37bd77dc120,limits.school,available,9.99,,55,11,6,name.com,,
05ca7c9f-9d6e-4329-9c8d-d17982b2002b,committees.school,available,9.99,,48,3,10,name.com,,
05ccd4b9-5d0c-4711-ab69-ba75a351dd98,midbreakfast.school,available,9.99,,70,1,12,name.com,,
0623bc04-bc82-4ee5-9a43-c37502b5bff5,changesides.school,available,9.99,,70,0,12,name.com,,
062c2f89-ca66-40b8-95f0-990a1cdaa10f,Cathy.school,available,49.98,,66,14,5,namecheap,,
062d6baf-6efa-476f-8124-1abafdfe7eb5,carrymeout.school,available,9.99,,46,1,12,name.com,,
06b395c0-8582-4f87-9e3a-cba6305e92cf,devotions.school,available,9.99,,56,5,9,name.com,,
06f848c3-7556-40ae-a937-4cbf6c0a94ab,strengths.school,available,9.99,,62,6,9,name.com,,
071f3280-5610-4d5c-90fe-d0b757a5d496,gettosecondbase.school,available,9.99,,47,1,18,name.com,,
073dabf7-a935-48c8-88d8-6838f6a9cb90,underestimated.school,available,9.99,,42,6,14,name.com,,
07582302-c882-4cb6-9489-ff3641519999,intheory.school,available,9.99,,52,5,9,name.com,,
076681af-c0d5-46e0-9bba-6a8589c3292b,keeppace.school,available,9.99,,74,3,9,name.com,,
07760bc5-e236-45d2-8239-e4d937720541,assoonaspossible.school,available,9.99,,50,1,19,name.com,,
0780682f-401b-4fab-a3b7-a685905d1027,furthermore.school,available,9.99,,68,7,11,name.com,,
07a035ed-908b-4d7a-8af8-77dd6f60506d,hookups.school,available,9.99,,74,9,8,name.com,,
07bfd52b-d7ae-4c03-bddf-87fbce816302,remained.school,available,9.99,,50,2,8,name.com,,
07c04e62-569f-4599-abb5-5a7e873a866c,startover.school,available,9.99,,78,6,10,name.com,,
07f93d43-6d6b-4f77-a065-93f55deb87f4,snowballs.school,available,9.99,,59,7,9,name.com,,
07fbb50e-1bc5-4e8a-9797-72dc2649ea01,holds.school,available,9.99,,56,7,5,name.com,,
080f1dbb-9e05-4267-9330-f0697d341823,pomegranates.school,available,9.99,,60,4,12,name.com,,
0819d21b-78a3-4839-b56f-332f4bd61149,finalfrontier.school,available,9.99,,76,7,14,name.com,,
082d28a7-1f70-4839-81f6-99c589fc57f1,commonleopard.school,available,9.99,,46,0,14,name.com,,
0843f6bd-a7b0-4492-94fe-001f46f90ce9,privateparts.school,available,9.99,,61,3,13,name.com,,
085959cd-c810-4744-9dd9-52245b12f691,buses.school,available,9.99,,58,10,5,name.com,,
0869c054-22b9-4ef3-99d3-d504657aa9fc,sees.school,available,9.99,,52,10,4,name.com,,
08716712-937b-42d3-9090-6247ee3f9575,gotosleep.school,available,9.99,,72,3,11,name.com,,
08d76744-ce49-4683-adf1-c7be1c954195,VeniceBeach.school,available,49.98,,56,7,12,namecheap,,
08e3ed5c-3440-4da0-a6dd-e3f37b812e79,spaces.school,available,9.99,,54,30,6,name.com,,
08ec60cb-19c7-48fc-bd01-96b68402b9e9,goshknows.school,available,9.99,,46,1,10,name.com,,
093747f3-0681-43ef-a309-83a16f0e3ef3,ventured.school,available,9.99,,60,6,8,name.com,,
097dd60b-d9f3-41a8-877d-36ae99ae8ff3,finalized.school,available,9.99,,52,2,9,name.com,,
097faec9-27a7-46b5-a818-4fded80c56b0,observations.school,available,9.99,,56,6,12,name.com,,
0987b50d-f48e-40e9-9bff-a40601324e51,vergeon.school,available,9.99,,68,1,8,name.com,,
09a1e7ed-f465-4a74-8369-c84aac739b6a,affirmation.school,available,9.99,,82,10,11,name.com,,
09ad61dc-f19d-4693-bc99-001dcb9ff75c,theories.school,available,9.99,,58,6,8,name.com,,
09b1a9ef-c702-44de-b5c0-7b1d3626de61,resteasy.school,available,9.99,,79,4,9,name.com,,
09b9c4c6-a4d7-41b2-81e6-fec29c6959c9,cometoastop.school,available,9.99,,62,1,14,name.com,,
09c2e843-d77f-4ad9-9f08-aa4725a897cd,bosses.school,premium,69.3,138.6,54,8,6,namecheap,,
09c4d593-0752-4311-820c-f4d8e4235cb9,scallops.school,available,9.99,,52,3,8,name.com,,
09f79e48-95ac-4d29-a3d8-420feaadf73d,cans.school,available,9.99,,56,10,4,name.com,,
0a29f435-d4d1-4816-9328-61780e891ca1,comeundone.school,available,9.99,,66,2,11,name.com,,
0a6ac852-46d7-4f3c-a52e-b7375c30aad0,havenot.school,available,9.99,,66,4,8,name.com,,
0a71e75d-b395-4fb1-8174-c04f421d0158,Lordonlyknows.school,available,49.98,,58,1,15,namecheap,,
0a9625df-236c-4e46-8932-536e8988d0a5,relics.school,available,9.99,,52,7,6,name.com,,
0aa7bc33-a174-4fd8-8fac-7fc9e02d005d,disks.school,available,9.99,,50,6,5,name.com,,
0ac0846c-8f36-49f2-b28f-3f77c650974f,hammerout.school,available,9.99,,70,1,10,name.com,,
0ac35dfe-79b1-45ab-84fd-c9aa366ea5eb,hasone.school,available,9.99,,54,1,7,name.com,,
0ac3b907-8eb1-45cd-8038-16a5b8f09d64,gobonkers.school,available,9.99,,70,1,10,name.com,,
0acf26ce-258f-4d7d-97d8-78b4eeca96d7,ladiesandgentlemen.school,available,9.99,,70,3,20,name.com,,
0b0d32bd-c463-4128-a118-1cd9865d4943,gopast.school,available,9.99,,68,0,7,name.com,,
0b0efd62-299c-4924-a18d-d1874f7691f6,sisters.school,available,9.99,,63,15,7,name.com,,
0b1c54b5-ba40-468e-94e9-caf3ca19b87d,throws.school,available,9.99,,52,5,6,name.com,,
0b21a872-3acd-49eb-b0fe-5e28a4f64d39,glanced.school,available,9.99,,52,4,7,name.com,,
0b2333ae-7eef-4c4d-8764-9d5a3dc0a0dd,muscletone.school,available,9.99,,77,2,11,name.com,,
0b46afbe-931b-45d8-a149-f2511f8adbf4,bearings.school,available,9.99,,50,11,8,name.com,,
0b4a88bf-5e7c-4936-97d1-d5bc6f437702,makefirstbase.school,available,9.99,,42,1,15,name.com,,
0b562a4b-1db4-4e22-92b8-97e021e54fa4,Lordknows.school,available,49.98,,66,2,10,namecheap,,
0ba5cff0-fa3a-4b72-8411-1a9992f4a58c,breaks.school,available,9.99,,52,10,6,name.com,,
0c034f49-1bc4-45bd-86ad-b82dc490d1c2,letoneoff.school,available,9.99,,77,1,11,name.com,,
0c3ab335-dcbe-46c1-86f0-439a9d8e0bd2,soups.school,available,9.99,,56,6,5,name.com,,
0c3d0f83-61f5-4574-8ae3-ff9e98897755,rakeup.school,available,9.99,,66,2,7,name.com,,
0c5ebf02-61f6-483e-afcf-b1c988af632d,musts.school,available,9.99,,57,2,5,name.com,,
0cb3cae8-033e-4629-8d1c-f5f13fc05811,inthemoment.school,available,9.99,,48,7,13,name.com,,
0cc061bb-eb21-45d5-9e94-c7ca8449b4eb,proxycard.school,available,9.99,,44,2,10,name.com,,
0ccef872-8fb4-40a8-9189-2d4f46f30a6b,parkup.school,available,9.99,,59,4,7,name.com,,
0cdad12c-3fb1-49f8-8831-63cb81cdf509,cometobe.school,available,9.99,,72,0,10,name.com,,
0d0c8e17-2ea4-469c-89db-38b88303656f,Ihavenever.school,available,49.98,,68,1,12,namecheap,,
0d126089-02ad-42fa-a1f4-9a3320f26e33,recalled.school,available,9.99,,62,4,8,name.com,,
0d1cb330-275e-4af1-9503-8b99a4869d27,movedown.school,available,9.99,,70,1,9,name.com,,
0d251b88-96d0-4e86-a1d6-7395088a6860,stuffit.school,available,9.99,,44,5,8,name.com,,
0d4e6bc1-b7ac-429a-9448-b6729297fee4,refreshment.school,available,9.99,,74,4,11,name.com,,
0d7f5077-c890-4703-ae0f-9238c3a3d221,moveahead.school,available,9.99,,76,6,10,name.com,,
0dd75b94-925d-4b47-9420-53e05af5a2f2,weddingcake.school,available,9.99,,85,5,12,name.com,,
0def8070-9568-4001-91c4-771d011c04cd,goforbroke.school,available,9.99,,72,2,12,name.com,,
0df571f1-5daf-44ff-92b9-dc2b55118c20,videogames.school,available,9.99,,66,18,11,name.com,,
0e0c3e98-bcc2-46a3-9851-8f3bbb82c351,blewagasket.school,available,9.99,,34,1,13,name.com,,
0e19649b-eab3-4ad0-ac07-d4fffa760efa,goberserk.school,available,9.99,,68,1,10,name.com,,
0e36078f-8be1-43e5-a93b-35a4b2affda9,strangers.school,available,9.99,,46,9,9,name.com,,
0e371a42-813a-4f7f-b56e-76d1e6644ded,studios.school,available,9.99,,54,21,7,name.com,,
0e4e771f-7532-40a0-a287-ca6f25e8bbe0,stayon.school,available,9.99,,71,6,7,name.com,,
0e6fb03a-41b2-45e3-a9bd-b80b9d5be1f3,remembrances.school,available,9.99,,51,2,12,name.com,,
0ea53ed1-8677-40ff-95c1-56fcf2773fe2,chiefofstate.school,available,9.99,,60,1,14,name.com,,
0eac9594-5333-4548-adf3-67a7461b7fef,letsomethingslip.school,available,9.99,,67,1,18,name.com,,
0ed8bb48-ffb0-4620-89d7-e26a4f7f011c,dropaline.school,available,9.99,,64,2,11,name.com,,
0f0d0de6-67e3-4cd2-b529-aed3d67b5501,objected.school,available,9.99,,48,2,8,name.com,,
0f34d952-8c6d-41c8-a377-99a27064745b,lordoftherings.school,available,9.99,,80,5,17,name.com,,
0f5e6dd7-1101-4a7f-bc76-e1280729aea0,presents.school,available,9.99,,80,9,8,name.com,,
0f716564-b3fe-45a8-9eed-35c7d43f8512,joints.school,available,9.99,,48,8,6,name.com,,
0f9c53bb-02d2-45c0-ae10-2fdf23895547,glances.school,available,9.99,,52,5,7,name.com,,
0faa7363-365f-4c67-9b46-c9c1df5374b7,smashinto.school,available,9.99,,38,0,10,name.com,,
0fb04792-c495-4751-b88e-0845cf9b2d02,proportions.school,available,9.99,,76,3,11,name.com,,
0fedd122-6697-4448-b4e0-19619846723a,officemanager.school,available,9.99,,49,5,14,name.com,,
1001db47-11c6-4b44-ba86-330cbd0928f4,bedsheet.school,available,9.99,,78,3,9,name.com,,
1003d666-9f72-4dd4-85e7-697d7930dca5,CapeCod.school,available,49.98,,78,22,8,namecheap,,
10076b9c-01a5-4e5a-9ba2-4cd3da74e412,grandchildren.school,available,9.99,,60,3,13,name.com,,
1007bef6-eb68-411c-9618-69651954dab3,DaffyDuck.school,available,49.98,,86,2,10,namecheap,,
1077b92b-53dc-4587-9b18-5395e86fb35e,beawake.school,available,9.99,,84,3,8,name.com,,
107edb17-58e2-4426-9b11-f50825978af2,steroids.school,available,9.99,,50,10,8,name.com,,
10a3d1b4-b7e1-4d8a-892a-7c644b7558cb,CountyofYoung.school,available,49.98,,42,1,15,namecheap,,
10ab8eb3-b982-4f81-bf81-b047f04389f8,Ispin.school,available,49.98,,76,5,6,namecheap,,
10c2ba71-9f0c-49a9-ac2c-e55e005baa00,deadon.school,available,9.99,,66,4,7,name.com,,
10c3ff1e-47ba-4266-b466-0891c1854215,Obamacare.school,available,49.98,,66,8,10,namecheap,,
10d48619-59a6-4100-a195-ab828328b2e7,IsleofWightCounty.school,available,49.98,,52,2,20,namecheap,,
10dc4d68-7342-44ca-825f-0c325b9617a8,midmorning.school,available,9.99,,80,1,11,name.com,,
1108f2ab-870b-49e4-8110-e91b5a6e2699,newsfeature.school,available,9.99,,50,1,12,name.com,,
111f0c81-2b86-4cbb-8658-cadb5388c785,receives.school,available,9.99,,52,3,8,name.com,,
112073ab-4820-4905-95ab-2c3a2badfc49,horns.school,available,9.99,,56,9,5,name.com,,
1127feba-6394-4345-8b6c-f3b24a1c96a1,leaveoff.school,available,9.99,,72,1,9,name.com,,
11543b30-0cfd-4f03-a227-5b87c4f4086d,messed.school,available,9.99,,46,2,6,name.com,,
118d198e-35d5-4bcc-95ba-dabe4793c0f0,gobananas.school,available,9.99,,74,7,10,name.com,,
11ac9fed-7b00-410a-81dc-1e1f505c7ac1,comeround.school,available,9.99,,76,1,10,name.com,,
11d51c1e-54c1-43ed-a1fa-1bad5c30415c,comeintobeing.school,available,9.99,,68,1,15,name.com,,
122ea2df-dd82-4b57-a995-f0db04c024c9,clearstuff.school,available,9.99,,70,1,11,name.com,,
12346d29-452e-4c0a-b27f-7237cecfaf08,fitout.school,available,9.99,,76,8,7,name.com,,
1264a9ad-3d57-47dd-a71e-7362f88f4ed3,cuttothechase.school,available,9.99,,68,4,16,name.com,,
12705d02-d3a0-46a3-9a94-c19e87781de7,officeroutine.school,available,9.99,,43,0,14,name.com,,
12a0f8f2-9c4b-4418-87d3-89ff15d01a89,comeunder.school,available,9.99,,70,1,10,name.com,,
12f0a9bb-f26d-4c76-ae69-b764fc0cea70,hangonto.school,available,9.99,,70,1,9,name.com,,
1338fdec-ec5e-42d3-b6f8-1eb0af107d42,inthebalance.school,available,9.99,,44,1,14,name.com,,
133a680e-aa70-4e3b-b51d-82175e7d0a46,makeinto.school,available,9.99,,76,1,9,name.com,,
133e987e-c751-4c4b-8f64-f2b345c61464,largeandincharge.school,available,9.99,,62,1,19,name.com,,
1358aef1-79ec-43bb-89b1-3cd34e6673c2,boilingpoint.school,available,9.99,,60,3,13,name.com,,
13719fb5-9155-4f9c-8258-937ce3875676,havetodo.school,available,9.99,,56,1,10,name.com,,
139c7e8f-6f03-4b4b-ad68-5e45cb41b221,switches.school,available,9.99,,58,7,8,name.com,,
13d396c8-28a3-4737-8a30-dc178c8365bf,gonewiththewind.school,available,9.99,,40,4,18,name.com,,
13d96a2d-7ee4-4fe5-bb30-78c008f13df3,opens.school,available,9.99,,60,11,5,name.com,,
13ebba75-5f2d-436f-aa3a-3b2a33d0ad0f,transported.school,available,9.99,,61,4,11,name.com,,
13fc20ad-c7aa-41f8-8fa1-f4c2b9cf3196,getstraight.school,available,9.99,,77,1,12,name.com,,
1429b636-ba15-49af-8011-c020979b05a6,replaces.school,available,9.99,,55,3,8,name.com,,
1446e403-910e-4c8e-a3a0-8ca63c024ec6,alcoholusedisorder.school,available,9.99,,48,1,20,name.com,,
1450f792-a840-428a-9eba-559ac1a1ca62,stretchout.school,available,9.99,,70,2,11,name.com,,
14523bb8-3fa6-41a7-8b75-69c2da1c8cda,ontheropes.school,available,9.99,,59,2,12,name.com,,
1479131b-42b2-42f5-93fc-dcc520c49798,pitchdark.school,available,9.99,,55,2,10,name.com,,
149b4670-4d2d-4fe8-91e5-d5af3738dc41,puzzles.school,available,9.99,,52,16,7,name.com,,
14ad8bbc-43d7-4970-8cc0-799a517d5ee1,reveals.school,available,9.99,,53,5,7,name.com,,
14c06798-3533-492c-bf47-abec9c2ce7aa,costofgoodssold.school,available,9.99,,62,1,18,name.com,,
14efafae-a4e2-4f4a-9595-94f395f4ca3e,setinstone.school,available,9.99,,68,4,12,name.com,,
150b61dd-f392-400b-930d-441a90f266db,inwithachance.school,available,9.99,,60,1,16,name.com,,
1546957e-2773-407f-b2a4-919085e83fd1,Iwish.school,available,49.98,,58,12,6,namecheap,,
155947e5-c027-43cd-9d79-aa2387a96cc2,gonumberone.school,available,9.99,,40,1,13,name.com,,
15700232-2ca6-4ff6-9a33-0769e289ddc7,usualoffice.school,available,9.99,,57,0,12,name.com,,
15714cd8-a1b3-4393-895b-3c546689b90a,rollercoaster.school,available,9.99,,69,8,14,name.com,,
15afa98a-d397-4ac3-a03d-7779d75bc7a6,orderin.school,available,9.99,,77,5,8,name.com,,
15c211ed-3b21-4505-9243-fdd568ac910c,devoured.school,available,9.99,,40,3,8,name.com,,
15d845c6-f59b-4aa7-ade2-4312bcc5c9ee,oranything.school,available,9.99,,44,1,11,name.com,,
15e88df6-0a8f-450c-9aa5-24a0a141d847,surfacemail.school,available,9.99,,67,1,12,name.com,,
15ebd3f6-3ed7-4945-9e24-a883b7a4826c,life.school,resell,,,80,50,4,Porkbun LLC,14/08/2020 16:00,14/08/2026 16:00
15fca935-c2a2-4867-8b4c-ab3f49bf425c,madewaves.school,available,9.99,,54,1,10,name.com,,
15fcd59d-d37f-41b3-9a7e-d0aa35c0fb86,nuclei.school,available,9.99,,44,7,6,name.com,,
1605f737-c993-40a9-b0c9-a8f10f841e98,suppresses.school,available,9.99,,44,1,10,name.com,,
160a85b2-147b-4bd9-8ed6-6cf258c8e6ff,Frenchfried.school,available,49.98,,70,2,12,namecheap,,
165c61c8-90be-4a53-ac29-03650b19bbab,seemed.school,available,9.99,,58,4,6,name.com,,
167a18c7-b672-4ce0-8046-a5d1c126cf12,remedied.school,available,9.99,,58,1,8,name.com,,
169b71fe-0764-4b39-962f-d57861fe2091,softsell.school,available,9.99,,72,3,9,name.com,,
169eb15f-26aa-4091-8aeb-41d2df40e7e9,swishing.school,available,9.99,,74,3,8,name.com,,
16b2595c-a1bb-4f96-805f-859888b85c6c,godeep.school,available,9.99,,74,7,7,name.com,,
16b69886-03fa-480c-9e86-49c6473a892d,probablecause.school,available,9.99,,55,2,14,name.com,,
16bfb4d4-831c-4486-9657-cbd30666bbfe,techsupport.school,available,9.99,,76,18,12,name.com,,
16cce3a9-a804-4a1d-8d2f-d36a54fc4969,neckrest.school,available,9.99,,56,1,9,name.com,,
16df67c3-b53c-4fe1-9cd5-e79598c56d65,coffeeculture.school,available,9.99,,72,4,14,name.com,,
178cfd6b-d270-4570-9bff-053628077b4f,feelupto.school,available,9.99,,50,1,10,name.com,,
179b4a7b-b94b-4805-8246-5314c27a49fc,keepdown.school,available,9.99,,68,1,9,name.com,,
17babaac-9553-4b3e-999e-e62345fa980f,pairofhands.school,available,9.99,,64,1,13,name.com,,
17d5874c-c2a8-4110-8f91-463c39c50a4f,doesnotcompute.school,available,9.99,,40,3,16,name.com,,
17d59780-d444-4a24-b0b6-82b29fe9f372,cutthrough.school,available,9.99,,74,6,11,name.com,,
17d73065-c812-47b1-87ac-32ef998ec813,makeupartist.school,available,9.99,,76,5,13,name.com,,
17eed8d8-09c2-40a8-a862-12086911d303,WorldWarIV.school,available,49.98,,52,1,12,namecheap,,
188c2bf6-3274-443a-a361-e5dfd2c25c34,companies.school,available,9.99,,62,16,9,name.com,,
18b473f7-8c48-463e-bca4-928f77f6304c,blogs.school,available,9.99,,52,21,5,name.com,,
18b8eb60-b39b-4d29-af2d-c0d3b3521b5e,transmitted.school,available,9.99,,64,1,11,name.com,,
18f200d8-28b6-4fb7-87fc-0de34771ecd7,coffeeroyal.school,available,9.99,,80,1,12,name.com,,
18f9e914-3618-4a28-83f5-8a67c51cb757,havetheupperhand.school,available,9.99,,46,1,19,name.com,,
18fd5ad8-e6bc-4545-a478-56348ff32150,macaronicheese.school,available,9.99,,72,1,15,name.com,,
19227174-378c-4822-94ba-d10db29aac93,somuchso.school,available,9.99,,50,1,10,name.com,,
193d64e0-0ff5-428e-8d36-ff0b13bc8a1d,flashdrives.school,available,9.99,,62,2,12,name.com,,
1950ad58-7fa3-4587-884c-acca5c55e6b3,sexlife.school,available,9.99,,74,6,8,name.com,,
198b9bf4-8110-4646-92b0-d13f19b98c8c,coffeemaking.school,available,9.99,,72,2,13,name.com,,
198d31f3-5cb4-4d62-861d-552bb9a5ace5,leton.school,available,9.99,,76,5,6,name.com,,
19ad9104-9de4-4bc6-aed7-ab109f7f2ac1,getup.school,available,9.99,,82,14,6,name.com,,
19cd069e-306d-4265-9c30-070a4913d1c9,counterfeits.school,available,9.99,,40,2,12,name.com,,
19cfdea2-213a-433f-bf94-96f945ae4087,hangin.school,available,9.99,,76,4,7,name.com,,
19d279d2-57b0-4bfc-91ba-233c5408df19,rollout.school,available,9.99,,72,13,8,name.com,,
19da20a1-1cb1-4c5e-b436-ae75876e52cf,letwellalone.school,available,9.99,,47,1,14,name.com,,
19dfbdf4-e846-4830-9ca8-70f6dc430bc1,explains.school,available,9.99,,50,4,8,name.com,,
19ed3ee2-b4a8-4505-afae-aaabb06021e2,serves.school,available,9.99,,54,7,6,name.com,,
19f5ece1-171a-4dce-a7cc-5658e210312a,contacts.school,available,9.99,,54,20,8,name.com,,
1a15f4d5-52cc-4ff4-ae3e-195eebea5c06,Iamadoctor.school,available,49.98,,50,1,13,namecheap,,
1a347bb8-e408-4c5f-ac6a-84e4f7481ccf,thenandthere.school,available,9.99,,54,2,14,name.com,,
1a460eb2-0a39-485a-b3ff-7ea5536bb5f7,moustaches.school,available,9.99,,53,3,10,name.com,,
1a4aa3c2-11eb-40fe-b23c-9c3ca73f0c2a,objectives.school,available,9.99,,54,5,10,name.com,,
1a9f9343-7a66-4477-b17e-3515934de45f,keepthepace.school,available,9.99,,66,1,13,name.com,,
1ad778a6-3991-4839-8a79-68eadb529656,hookup.school,available,9.99,,76,16,7,name.com,,
1ad8c891-283b-4502-b535-3e28d5aabd8a,noodlebar.school,available,9.99,,62,2,10,name.com,,
1ae815bf-f716-4fd3-b223-5129010b7a29,pairoftongs.school,available,9.99,,65,0,13,name.com,,
1ae8dc5d-3f65-460d-8b50-503dde49fc70,colleagues.school,available,9.99,,56,5,10,name.com,,
1aeeb4c5-56c3-4797-8d33-550dd20c267b,alcoholfree.school,available,9.99,,70,6,12,name.com,,
1b20979a-5f76-4f3e-948f-8ee435f9ef1c,appreciation.school,available,9.99,,88,13,12,name.com,,
1b334c4a-f1fc-4250-9906-6732b394abbc,lunchmoney.school,available,9.99,,78,7,11,name.com,,
1b47ef73-8449-4a70-9134-56ea21114aa3,getonto.school,available,9.99,,74,3,9,name.com,,
1b4fec03-dd7e-4320-ac52-ac919f78ae1e,stayathome.school,available,9.99,,68,7,12,name.com,,
1b966005-567f-408b-b9c9-66971b5bc0ab,leaks.school,available,9.99,,46,15,5,name.com,,
1ba74d8d-1134-4c18-bfdc-045125c74116,guards.school,available,9.99,,76,9,6,name.com,,
1ba96894-3df0-4646-8d98-dbcb68300871,possibilities.school,available,9.99,,52,7,13,name.com,,
1bc9acec-92c4-4779-8331-e88e343e4cd0,leavenotrace.school,available,9.99,,68,4,14,name.com,,
1bf83f8b-55df-4355-89d2-d85b8cea9ed3,personallife.school,available,9.99,,68,3,13,name.com,,
1c0b2bea-87b5-4599-8137-1b205e0060f1,newest.school,available,9.99,,64,12,6,name.com,,
1c31b628-572d-49e7-b78f-6c0e6cb6a531,thedamn.school,available,9.99,,38,1,8,name.com,,
1c49716f-f0ca-45c3-8166-2041e429c47d,alcoholpoisoning.school,available,9.99,,48,1,17,name.com,,
1c675f5d-9eda-4f3f-9b7f-c3c7680419af,getoneselftogether.school,available,9.99,,49,1,20,name.com,,
1cade656-03de-4fd6-8e2c-3af240f343f8,newsreporter.school,available,9.99,,46,4,13,name.com,,
1cb83724-b594-40d2-a072-262240a81e45,twentyseven.school,available,9.99,,65,7,12,name.com,,
1d201660-0cdc-4468-85de-406a212de52a,holdingtheman.school,available,9.99,,42,1,15,name.com,,
1d2580ed-9bc7-4f78-a3f2-f09d5fcdac72,advertises.school,available,9.99,,56,3,10,name.com,,
1d2bf864-1ccb-4f1b-80bf-70ece9ae884d,gettheidea.school,available,9.99,,79,0,12,name.com,,
1d41bc88-25dd-41c4-a25f-ed0e9408a284,Ilostmybackpack.school,available,49.98,,50,1,18,namecheap,,
1d49e5cc-3183-494f-9dfa-490e0c912c5a,watched.school,available,9.99,,74,7,7,name.com,,
1d4f98cf-a250-47cd-bc15-10b0c40f217b,filetypes.school,available,9.99,,46,3,9,name.com,,
1d913881-8759-41a0-a954-254fe159dc68,males.school,available,9.99,,58,9,5,name.com,,
1da4c386-845b-494a-b4bd-699482b62044,partyto.school,available,9.99,,53,1,8,name.com,,
1da88e52-a0a6-4bff-89e7-d6ee6cb140a5,strips.school,available,9.99,,51,7,6,name.com,,
1dbd1c71-3ce6-42df-8c5e-b335061fffb0,getstuckin.school,available,9.99,,72,2,12,name.com,,
1dcb5a18-8185-4f69-b156-d2104c3c586f,slugs.school,available,9.99,,52,6,5,name.com,,
1df59290-4c10-4ed6-94a9-3f40744d6045,masterofceremonies.school,available,9.99,,60,2,20,name.com,,
1e07a210-0d08-43dd-b890-7eda1fa796dc,feelfor.school,available,9.99,,70,2,8,name.com,,
1e0fe8ff-053a-4bfe-b6ae-b77f690e25f0,gobankrupt.school,available,9.99,,68,2,11,name.com,,
1e2b0886-8c97-4964-960e-a1f57a8428dd,faces.school,available,9.99,,60,21,5,name.com,,
1e45b46d-fca9-41af-af4c-14fd030b07d9,practicality.school,available,9.99,,72,3,12,name.com,,
1e56abc0-6493-49ef-96d5-c5c93796860d,justrewards.school,available,9.99,,56,3,12,name.com,,
1e600751-8338-43fe-9289-d7a7b002c275,continues.school,available,9.99,,48,3,9,name.com,,
1e84907f-d7d8-4655-b149-a076ab325276,proxybattle.school,available,9.99,,44,1,12,name.com,,
1e8afd86-0a00-4037-af18-da1a0861a76a,jetairliner.school,available,9.99,,58,1,12,name.com,,
1eaed16c-2def-4816-ae7f-2e6049fd4094,clearthetable.school,available,9.99,,64,1,15,name.com,,
1eb2e76f-f7ab-4f1a-a7ec-63d52d09e5b7,gothewholehog.school,available,9.99,,62,1,16,name.com,,
1eb895f9-226b-4ab1-bf5e-bc722bba578d,reservation.school,available,9.99,,65,19,11,name.com,,
1ec5b6f2-7c47-4c8b-9659-b7defcab7b49,sidewindow.school,available,9.99,,44,1,11,name.com,,
1ecee006-ea2e-4e9a-bdd4-a2a491ad4534,screwdrivers.school,available,9.99,,52,4,12,name.com,,
1ef858f9-ccd7-4f17-a917-0af3ab1f3d9d,manystemmed.school,available,9.99,,68,1,12,name.com,,
1efa31c5-c1bf-4ece-88ee-0f10ca4d9fe1,RiceBubbles.school,available,49.98,,60,1,12,namecheap,,
1efc52c4-abc2-44de-b9e7-1120dccd02e2,getsomeair.school,available,9.99,,77,1,12,name.com,,
1f14c7f3-7965-4fc6-955f-beb2d22e3d38,chicks.school,available,9.99,,58,12,6,name.com,,
1f4d83b6-b96f-4390-960f-0bd9040e747b,launchsite.school,available,9.99,,60,7,11,name.com,,
1f6baf96-d331-4bed-9413-2ab41724a5d4,havereason.school,available,9.99,,76,1,11,name.com,,
1f778f3d-3293-444e-abd8-42be6a7eaaf5,snaps.school,available,9.99,,52,20,5,name.com,,
1fb0d42d-0744-42fb-b9ad-339bc78a3b44,coins.school,resell,,,56,41,5,Dynadot Inc,08/10/2018 16:44,08/10/2026 16:44
1fb0e545-31fa-48fb-bf87-c899121ddc87,settlefor.school,available,9.99,,76,0,10,name.com,,
1fb7032c-e9a3-46ed-8d64-bbff661311ea,bees.school,available,9.99,,54,27,4,name.com,,
1fbb549c-94aa-43f8-882b-0c3554e47ab5,butterflies.school,available,9.99,,90,8,11,name.com,,
1fbc5d3a-760e-4196-bcf3-2a143086898e,slightest.school,available,9.99,,56,1,9,name.com,,
1fcd30d1-5f5b-4e0b-b3b1-d00bd851a5d5,ballplaying.school,available,9.99,,70,1,12,name.com,,
200d9702-6c56-40f6-bbbb-d1a7a4227a37,terracotta.school,available,9.99,,72,12,11,name.com,,
2021b649-340a-4083-b038-a6a51e60d3f7,Qtips.school,available,49.98,,60,4,6,namecheap,,
2034c6e5-be61-450f-ac80-f7c77b4bfbbc,generates.school,available,9.99,,54,2,9,name.com,,
203d8579-eacf-4861-a538-7d4ae6b795aa,alcoholaddiction.school,available,9.99,,50,3,17,name.com,,
2060d38c-2c2f-4eb0-8605-14d3da5528a4,deadonarrival.school,available,9.99,,46,2,15,name.com,,
20912305-8c20-4d5e-8647-9af42a5fb999,continents.school,available,9.99,,50,5,10,name.com,,
209c8b3a-0c81-4649-a924-66d3140ece6c,desktoppublishing.school,available,9.99,,66,3,18,name.com,,
20b2ec4f-dd43-48b1-bcf6-bbc692671fa3,windowdisplay.school,available,9.99,,42,2,14,name.com,,
21089096-aa21-44e7-81e7-1370c6d49bdc,givearing.school,available,9.99,,52,1,11,name.com,,
210d9006-9bbe-41d6-a1a4-f3589aa26996,brosbeforehoes.school,available,9.99,,38,1,16,name.com,,
21360c68-30c1-49b8-b01a-5b084a45e9a2,goawry.school,available,9.99,,66,0,7,name.com,,
216eb3b5-3dfa-4d85-8c19-856cacb9a5ff,liberties.school,available,9.99,,56,6,9,name.com,,
21df246f-69a1-44fb-b649-56f82bff3ebb,uploadability.school,available,9.99,,60,1,13,name.com,,
21e71830-9dbd-4c82-9619-32da8cbbe2e3,platepaper.school,available,9.99,,66,0,11,name.com,,
220cc40f-9cbc-4251-97c3-8aaf7520c465,vitamins.school,available,9.99,,60,17,8,name.com,,
22239804-81f7-4b79-aad5-bd6caed55609,engineers.school,premium,280,560,60,19,9,namecheap,,
22317e6a-fa65-498a-9174-dec5403a9bf9,daughters.school,available,9.99,,60,8,9,name.com,,
22335b55-ca8c-47d9-8c25-8d861e346d38,officedoor.school,available,9.99,,55,1,11,name.com,,
2233684e-d03a-4bcf-9e31-d967ca76668a,getroundto.school,available,9.99,,74,1,12,name.com,,
224ff61d-0f31-4663-990a-83825c96c3cc,studies.school,available,9.99,,72,13,7,name.com,,
226e80eb-881f-417a-833d-29e2d7ad8b81,seems.school,available,9.99,,58,8,5,name.com,,
22ade8fb-5e5d-4e91-a911-83b754ecdb24,justthen.school,available,9.99,,62,1,9,name.com,,
22c0d7a2-6f46-4e15-8793-7ae1fdb73346,takeeffect.school,available,9.99,,70,0,11,name.com,,
22ff3258-98b7-42d5-90a8-abb6855e9e7b,Itellalie.school,available,49.98,,58,1,12,namecheap,,
2327405b-76a7-406b-b89c-35cb3693a9a7,barbedwire.school,available,9.99,,66,3,11,name.com,,
2364c608-5222-424d-8f27-9411c188bd4c,WorldWarIII.school,available,49.98,,48,3,13,namecheap,,
23b46c00-262d-4a84-aa61-1e8b068aa490,technicals.school,available,9.99,,52,6,10,name.com,,
23bea020-b269-4654-8ccb-0550199e88ca,oars.school,available,9.99,,56,6,4,name.com,,
23cdf78b-0875-4f79-b507-ce8e9cac967a,KFC.school,premium,69.3,138.6,74,27,3,namecheap,,
23d349db-fd79-44a2-89fd-b5d3314858a7,doesone.school,available,9.99,,52,0,8,name.com,,
23df216f-3fdb-488c-b9b7-263444054cf5,Catholics.school,available,9.99,,58,8,9,name.com,,
23ff6798-5a41-4bc5-90cc-39b80fc7c5ad,gonowherefast.school,available,9.99,,50,1,15,name.com,,
244029f4-bdeb-49fa-a1f6-3e2a976c7a05,approaches.school,available,9.99,,70,3,10,name.com,,
2475dd0a-6e08-4d5a-87e2-6b8a9836b43f,gotobed.school,available,9.99,,72,3,9,name.com,,
249fb1c3-1b6e-4fa9-8aaa-6850c85dab41,Xrays.school,available,49.98,,52,5,6,namecheap,,
24e03ebb-720e-434d-b705-d95c187184f8,says.school,available,9.99,,58,10,4,name.com,,
24e05bea-5451-4606-88d4-be5b9c7577a8,deadoralive.school,available,9.99,,54,5,13,name.com,,
24e7d302-ff42-4ec0-a65a-658ee7f0cbac,ChildJesus.school,available,49.98,,56,2,11,namecheap,,
24eb932f-5770-4b2a-b0fc-b76c40e80495,factories.school,available,9.99,,54,7,9,name.com,,
250f3b49-89ed-44d5-93fd-b2812141637a,justthejob.school,available,9.99,,56,3,12,name.com,,
2524f581-7646-48ff-b6b8-060a7feff45d,Philadelphia.school,available,49.98,,78,16,12,namecheap,,
256f70f2-5ac7-495d-8d3a-57b11cfe387f,manyeyed.school,available,9.99,,68,1,9,name.com,,
259385f5-9ebd-44dd-97b9-141d10197d0c,drapes.school,available,9.99,,76,5,6,name.com,,
2593f506-a5ef-41ba-a01a-dd617ac679f0,motorracing.school,available,9.99,,74,4,12,name.com,,
25b8bd75-3067-4200-b212-6d3aec4a16c1,manyhappies.school,available,9.99,,72,1,12,name.com,,
25c35e1f-137d-4d17-b68e-5a1024d16277,travels.school,available,9.99,,64,18,7,name.com,,
2614e63e-bf7d-4850-ad8b-7a32be4f5686,stepinto.school,available,9.99,,52,5,9,name.com,,
26166dd9-85f7-422a-a0ba-bdada817882f,panels.school,available,9.99,,48,11,6,name.com,,
2641a7dd-c378-4ffe-a85c-41db444a6a8c,actions.school,available,9.99,,54,15,7,name.com,,
264cfca9-b599-4850-8e89-d7d61011c118,urged.school,available,9.99,,60,3,5,name.com,,
2666420b-acf1-4251-9d5d-df0405caad58,gettheballrolling.school,available,9.99,,72,1,20,name.com,,
266dc42e-bc56-4090-8d9f-35f8102d9619,Lordhavemercy.school,available,49.98,,54,2,15,namecheap,,
267734af-e74f-4b18-8512-3f9be5862aa8,baseplate.school,available,9.99,,66,7,10,name.com,,
2694b65a-ac6f-4dc3-b3fb-748c7c07d893,isles.school,available,9.99,,52,7,5,name.com,,
26bcbdd5-1982-49e4-8658-51a615dc8538,geton.school,available,9.99,,82,10,6,name.com,,
26cfbfdc-be09-41e2-b7de-585d7e4baac5,keepsomeoneposted.school,available,9.99,,66,0,19,name.com,,
270670af-390c-468e-bf94-36e4285dea2d,officecleaner.school,available,9.99,,41,1,14,name.com,,
2707d9ba-18e3-4f45-b415-47b4df98e2d6,movein.school,available,9.99,,70,9,7,name.com,,
27191042-9c0a-4094-8a1d-1fc297e70f88,paintthinner.school,available,9.99,,56,1,13,name.com,,
2719ccc5-e7bb-40c4-bcea-86f2678b1b37,pills.school,available,9.99,,56,15,5,name.com,,
272f3cc3-d127-4407-8f45-6e94e94d5692,manycolored.school,available,9.99,,54,0,12,name.com,,
275edb42-e305-4a94-8cde-1aef18547248,nitpicking.school,available,9.99,,58,1,10,name.com,,
278652bf-df3c-416a-85ba-d504c19c295c,races.school,available,9.99,,60,8,5,name.com,,
27d0cf6a-afbe-4617-abe4-d374e93111d2,subsequently.school,available,9.99,,58,1,12,name.com,,
27d17575-c63b-43b1-be38-79959fa814b2,makestrides.school,available,9.99,,78,1,12,name.com,,
27e6e440-cbec-40e0-bfc7-5da68a12738f,setin.school,available,9.99,,68,5,6,name.com,,
28191be8-a407-4159-8685-07b839734fee,refusing.school,available,9.99,,40,3,8,name.com,,
2889c4cb-0219-468a-8f4e-2f5b96586680,havenobusiness.school,available,9.99,,60,1,16,name.com,,
288ec04f-e9c5-4eb1-a50a-172940ea6c2b,tbsp.school,available,9.99,,63,5,4,name.com,,
28dc553f-19dd-48c8-a672-ab0c7a5ab2ef,instruments.school,available,9.99,,62,11,11,name.com,,
28f95c6f-0068-4b7c-a10a-afc2dddbb74b,potatochips.school,available,9.99,,54,5,12,name.com,,
295a3a4b-e01d-4298-a437-e3cf6cb2286c,midlife.school,available,9.99,,74,11,8,name.com,,
297406b4-334b-4217-9f7f-dfc213d62609,sorethroat.school,available,9.99,,64,2,11,name.com,,
298435cc-44f5-4ecc-a155-ed32a1a9ae7f,learns.school,available,9.99,,60,8,6,name.com,,
299a0df6-5056-4b67-9d6c-e4f7a49678a5,Caliorbust.school,available,49.98,,56,1,12,namecheap,,
29a3920e-dbec-45b5-9e4c-711511b425cd,getoveron.school,available,9.99,,72,1,11,name.com,,
29b99646-9d3f-41e9-ae2f-2d0221d9d2fb,mostwanted.school,available,9.99,,54,10,11,name.com,,
29dcaae3-1fa0-4956-b31b-056bc57dffa5,dont.school,available,9.99,,42,18,4,name.com,,
29f850b1-86ac-44f9-8086-e5d34f1818cb,pieces.school,available,9.99,,62,12,6,name.com,,
2a0138ab-e102-45d7-a42e-88f9ac885427,engines.school,available,9.99,,58,11,7,name.com,,
2a35e273-73d9-4889-bdd6-087d20f11119,mistakes.school,available,9.99,,52,7,8,name.com,,
2a6f1203-25ff-47e6-8a91-058334f608a4,commonlog.school,available,9.99,,50,1,10,name.com,,
2a75bbfe-f1e1-4e20-b8a3-591f921be21b,ohmygoodness.school,available,9.99,,50,4,14,name.com,,
2a8344e0-f2ae-40be-acb5-22cbf2266612,tunas.school,available,9.99,,59,6,5,name.com,,
2a87b750-59fc-4aff-af0f-fab7629de135,textmessaging.school,available,9.99,,66,2,14,name.com,,
2aa891c5-e5ba-4ccb-87bf-33e6b9a95475,bands.school,available,9.99,,52,13,5,name.com,,
2ab10943-2346-41d5-99a8-b13a1f403e2a,skateover.school,available,9.99,,60,0,10,name.com,,
2b156cb9-cce8-4ef2-b5dd-4e45d45d8481,couples.school,available,9.99,,52,14,7,name.com,,
2b36abc7-f492-41fe-8632-983d77891162,favours.school,available,9.99,,66,4,7,name.com,,
2b40f44c-7880-4e4f-a4a3-0ccc2d0f3e3d,manyandvaried.school,available,9.99,,46,1,15,name.com,,
2b43434d-e78f-42c5-9ea7-705c347e57f7,smashdown.school,available,9.99,,58,2,10,name.com,,
2b4f2d56-6916-4e16-a255-2f17faa437e3,showin.school,available,9.99,,72,4,7,name.com,,
2b5bb1e1-4985-4e78-a375-4fe668c0fc17,standardscore.school,available,9.99,,42,1,14,name.com,,
2b755d44-b820-4a56-8eab-5973c6097930,thefactthat.school,available,9.99,,47,1,13,name.com,,
2ba9c4d2-cba4-4bd9-a435-3d48eeec1a46,wouldof.school,available,9.99,,55,1,8,name.com,,
2bac5d54-a9ef-4648-acf6-c8669f7c84a0,monkeys.school,available,9.99,,56,13,7,name.com,,
2bb223c2-b4a0-417e-bc4e-50eb1d3fa3da,CountyofYork.school,available,49.98,,44,1,14,namecheap,,
2bced5e1-33f9-4366-bbd4-257c77dcd477,twentyeight.school,available,9.99,,65,8,12,name.com,,
2bd5a5c7-a5ab-4f48-87f9-58925ed37710,barbecuesauce.school,available,9.99,,76,2,14,name.com,,
2bd8807e-4d28-43b1-8d5b-033a69054a25,headout.school,available,9.99,,82,6,8,name.com,,
2bde33a2-ba71-4a67-a2f3-3a487ba8ab71,proxyfight.school,available,9.99,,44,1,11,name.com,,
2bfcbf63-6154-4e03-9325-e09fe70e577c,iftheshoefits.school,available,9.99,,55,3,16,name.com,,
2c047e3a-7e7a-4e5c-934c-03d0c8d8704d,alcoholics.school,available,9.99,,38,4,10,name.com,,
2c18f858-d5a7-4f37-8406-90edd5aa0317,rides.school,available,9.99,,56,15,5,name.com,,
2c4be720-b964-4493-880f-987bf3eee1ae,flor.school,available,9.99,,74,14,4,name.com,,
2c5c8f92-6a51-44ce-8fe3-7b9e9312bad0,believein.school,available,9.99,,68,6,10,name.com,,
2c810176-b923-4f27-bcbe-54ddc80c4589,decides.school,available,9.99,,56,3,7,name.com,,
2c89d49d-5e4f-405d-b477-bb2a92e2bb23,barbecuedpork.school,available,9.99,,58,0,14,name.com,,
2c97a0e9-383c-43d4-bb7c-ced521fed2fd,aboutto.school,available,9.99,,56,2,8,name.com,,
2ca2f6b5-e961-43b2-a967-d0280d665ef6,getiton.school,available,9.99,,84,3,9,name.com,,
2cc6fd02-5a88-4c7a-b234-5306dd546936,comeupto.school,available,9.99,,72,1,10,name.com,,
2ce1c7ab-9afb-4c5a-9c91-d756088b16ea,publishers.school,available,9.99,,54,9,10,name.com,,
2cf1bfdc-051b-41f5-b560-d86594d7d06d,equals.school,available,9.99,,62,10,6,name.com,,
2cf464cb-2028-441d-bb74-d7028959c3e0,rashes.school,available,9.99,,40,3,6,name.com,,
2d121e6b-22ab-4769-9944-e846483d6a81,reflects.school,available,9.99,,50,6,8,name.com,,
2d5cc289-445d-470f-9147-a68d29dbdcc3,traded.school,available,9.99,,52,6,6,name.com,,
2d6d5b9f-d4bd-4a52-8cb0-3915fb92e61c,oaktrees.school,available,9.99,,56,3,9,name.com,,
2db4f4b6-e5f4-4a55-a36a-71ac227fcc1c,herbs.school,available,9.99,,62,22,5,name.com,,
2dbe67c9-d2b2-430a-8464-ff9e163c5538,Apples.school,available,49.98,,90,16,6,namecheap,,
2dbe6939-9341-479f-93ab-9a6fd02e2af1,collections.school,available,9.99,,48,14,11,name.com,,
2e0a9ea6-3ea2-4a8a-9e28-cda866cd471b,tapwater.school,available,9.99,,71,7,9,name.com,,
2e1accc2-aacf-4099-8ced-bb300d1e52ef,paperingover.school,available,9.99,,53,1,13,name.com,,
2e31991a-144a-43f0-9b7f-bb48302aa02a,induecourse.school,available,9.99,,57,0,13,name.com,,
2e407faf-dd95-413e-b22a-78596a075125,getupin.school,available,9.99,,74,1,9,name.com,,
2ea07c4b-a551-4741-ad12-6ad69f7e39f6,ifyouwill.school,available,9.99,,61,2,11,name.com,,
2eab0d04-b93b-4424-a0f8-d6590a781939,inhospital.school,available,9.99,,60,1,11,name.com,,
2ec8468b-7688-4660-8573-2200ae5ccf36,rakeout.school,available,9.99,,66,1,8,name.com,,
2edbe956-5716-49d3-9eec-6676688cdc3a,flipflops.school,available,9.99,,52,5,10,name.com,,
2f050a9d-c47a-4b4e-95f2-1627b328add2,priests.school,available,9.99,,58,4,7,name.com,,
2f17e6ae-76bc-4d24-9d60-6d8fb0860da8,entered.school,available,9.99,,50,4,7,name.com,,
2f97d76d-ca1a-4612-839f-2593655d6f81,advantages.school,available,9.99,,64,5,10,name.com,,
2f9c174d-1440-4b78-923e-7b48f7395869,mosquitos.school,available,9.99,,42,5,9,name.com,,
2f9cb634-64ee-4b60-9140-a9849dee60ab,insummation.school,available,9.99,,50,1,12,name.com,,
2ff4d594-cfe9-4cd7-bc0a-04dbe55c7f0b,getthenod.school,available,9.99,,77,2,11,name.com,,
2ff8eaab-5875-4535-9638-dea4759100c3,overwhelmed.school,available,9.99,,48,5,11,name.com,,
300f69b3-20af-4850-a48e-f381cbdc125d,jetlag.school,available,9.99,,72,17,7,name.com,,
3038ad88-4a03-4d28-9911-34628aa64d4c,filefootage.school,available,9.99,,74,1,12,name.com,,
30518741-e7cc-4874-b2b3-6e44371a86e6,fillintheblanks.school,available,9.99,,64,2,18,name.com,,
3055c1d6-1a84-42e1-a86c-15378d820efa,onetrickpony.school,available,9.99,,56,6,14,name.com,,
3058fc57-21aa-419f-8efd-f9306fddb7ae,drums.school,premium,69.3,138.6,54,11,5,namecheap,,
30670bae-a190-4a05-8857-7b21aec57be9,wandered.school,available,9.99,,56,4,8,name.com,,
3070f208-810b-4ed9-b8ac-bcc1cc0d70f8,paintpot.school,available,9.99,,72,2,9,name.com,,
30811ee1-e314-4b27-a3c9-2f8f1e1163f4,passports.school,available,9.99,,59,10,9,name.com,,
3098b815-c036-49d6-8270-061f0348a338,spellitout.school,available,9.99,,74,2,12,name.com,,
30ade57f-c337-46ca-958b-cdf2b9ccf1eb,explanations.school,available,9.99,,50,2,12,name.com,,
30c2c8aa-b0c6-4c61-afc2-e978e7f10b4a,todolist.school,available,9.99,,73,12,10,name.com,,
30c5d6a4-6a34-435d-ae67-8725fa1685af,commonhippopotamus.school,available,9.99,,66,1,19,name.com,,
30e1322e-a446-4883-97e4-7e6b1bfaed55,travellers.school,available,9.99,,53,11,10,name.com,,
30e329d4-758f-48e0-8f79-bd2b0df478f0,gohome.school,available,9.99,,76,14,7,name.com,,
30f5b1ef-898a-4360-acca-17516435bbd5,sqm.school,premium,23.1,46.2,54,11,4,namecheap,,
30fb56e9-2495-4f55-ad45-c3601f236f12,inchargeof.school,available,9.99,,49,1,12,name.com,,
311f0f48-1f0f-41bd-a8fa-3cd02f49254e,coaches.school,available,9.99,,56,15,7,name.com,,
31883dc4-4a4f-4be4-8752-3f35a2b55314,gocrazy.school,available,9.99,,72,5,8,name.com,,
319ff8ed-af47-46d6-8a71-461381b2225c,Ineedaguide.school,available,49.98,,50,1,14,namecheap,,
31b0e1ad-12ef-40cb-acce-5dc19c5610e6,flaxseed.school,available,9.99,,80,4,9,name.com,,
31b684db-f4b1-4969-b105-774e077c51c7,stumps.school,available,9.99,,65,4,6,name.com,,
31bed8e6-63e8-49a5-ae76-6141b764bc7f,maps.school,available,9.99,,56,31,4,name.com,,
3203cde8-7b7d-4d91-9f6a-1e9fe225b812,secondarycare.school,available,9.99,,69,1,14,name.com,,
32773d71-7c8b-4b28-bc71-e39c6cecdffb,Vehicles.school,available,49.98,,49,13,8,namecheap,,
32b1c69d-4a75-46a6-9b3c-e4fc3b8e55d1,distresscall.school,available,9.99,,32,1,13,name.com,,
32c33555-ccf3-4e77-9424-ab6d28323dfa,negotiations.school,available,9.99,,56,6,12,name.com,,
32cbbc35-3804-4917-854e-e4f51b7c9f9f,pastasauce.school,available,9.99,,79,2,11,name.com,,
3311e4e5-a9bf-4fb5-89e3-4b7269166978,produces.school,available,9.99,,54,5,8,name.com,,
333c7d64-f1d0-4017-a2ce-1c2fe53e7da9,takeoffice.school,available,9.99,,77,2,11,name.com,,
334a2759-1842-4555-b499-f9af3892ba3c,restassured.school,available,9.99,,82,6,12,name.com,,
33587f41-576d-4b13-a019-0f14ab5b6e7f,propranolol.school,available,9.99,,68,5,11,name.com,,
335bb64b-91d4-40ca-b3f1-5bf0110b884e,letoffsteam.school,available,9.99,,76,1,13,name.com,,
33650f7c-82d3-47ff-8c03-08c4de3e0371,swimsuits.school,available,9.99,,62,5,9,name.com,,
3373f91e-19d6-4703-8874-20d3e887f75f,filesharing.school,available,9.99,,76,7,12,name.com,,
3375f8dd-029d-4573-ad3c-412ae734ae54,neighbors.school,available,9.99,,63,17,9,name.com,,
33a2342a-3ce7-47b0-9cb9-0d5c5d5bd857,plays.school,available,9.99,,56,16,5,name.com,,
33d899ad-acc8-4f27-8fdf-043ffa8ee9c3,vacations.school,available,9.99,,56,19,9,name.com,,
33dfc67b-5937-4321-8e6a-1ae7298e05a7,inprivate.school,available,9.99,,70,3,10,name.com,,
33e40020-14f5-43c3-8872-0ffb53efc23f,orderout.school,available,9.99,,74,3,9,name.com,,
33ef0d87-475b-4972-84ae-e8aca5f204e8,filein.school,available,9.99,,68,2,7,name.com,,
33fac5d7-c690-411f-8857-78a0c0915eb6,cometorest.school,available,9.99,,70,1,12,name.com,,
33fbdea7-bc91-457b-9887-4eb41284b0e8,publicoffice.school,available,9.99,,69,2,13,name.com,,
33fea91b-d397-4e53-9a7d-64d2a7b2bc27,onstage.school,available,9.99,,64,14,8,name.com,,
3409cf3f-6b4a-4dee-9e04-380851eaeb67,pairs.school,available,9.99,,54,11,5,name.com,,
3415d363-6491-4f23-8186-a96667faec06,SpiritofGod.school,available,49.98,,63,2,13,namecheap,,
341edb15-0248-4164-919c-e87798ce8522,cometolife.school,available,9.99,,80,3,12,name.com,,
3443bd19-a89e-4b9d-8fc7-f6e2266afc27,cometolight.school,available,9.99,,68,1,13,name.com,,
34511df8-1ee6-4f4a-bde6-5544175d929e,onfire.school,available,9.99,,50,12,7,name.com,,
3493fbc5-ca25-410c-bb3c-fdbfe956a412,riders.school,available,9.99,,60,14,6,name.com,,
34fe460a-89ca-4977-b203-a5d3e8763a63,getthedoor.school,available,9.99,,76,0,12,name.com,,
3500fee6-6546-47a2-ac20-87f892a681e5,cells.school,available,9.99,,61,13,5,name.com,,
353e0bc8-6590-4e6a-94f9-fe0bad5f7339,requirements.school,available,9.99,,56,9,12,name.com,,
354e5849-1a7c-4cf8-8318-d70ad1fed9b9,moveit.school,available,9.99,,77,13,7,name.com,,
35528cd3-b10d-4774-8942-ffe0ac42c927,pickover.school,available,9.99,,62,1,9,name.com,,
35a4df00-ed5b-4471-8afb-46727302daba,verbalization.school,available,9.99,,58,1,13,name.com,,
35d263fb-5829-4948-bebe-117e8d80964f,coffeeandcakes.school,available,9.99,,72,2,16,name.com,,
35d6d955-b3d6-47fc-a52b-697f5f20c82c,ballparkestimation.school,available,9.99,,60,0,20,name.com,,
35dbe033-7ccb-45ff-8ad3-740a2c889479,ribbons.school,available,9.99,,56,9,7,name.com,,
35f01b5c-0337-4eea-a9be-7241aeca90c3,conflicts.school,available,9.99,,66,5,9,name.com,,
36031178-4146-4a95-9d1c-e3457fbe2282,makewaves.school,available,9.99,,78,8,10,name.com,,
360b3700-f889-417c-9a3b-a5d7c94874c0,havetheheart.school,available,9.99,,66,1,14,name.com,,
360bef9e-8639-40f6-9c86-4607e64035a9,fitthebill.school,available,9.99,,84,1,12,name.com,,
365ca1cd-a781-4755-9381-3f363cf5a629,makeupremover.school,available,9.99,,70,2,14,name.com,,
366b5850-52e3-4b45-b515-ba26192ef638,pours.school,available,9.99,,46,5,5,name.com,,
36b9bff1-92e0-4764-84e1-8ed252cea72a,lookouts.school,available,9.99,,52,3,8,name.com,,
36bdc323-0e0b-43b4-b327-e537ad8cd2b3,yams.school,available,9.99,,56,10,4,name.com,,
36d60c3a-f903-42a4-b56b-a4e6d0a03af7,resulted.school,available,9.99,,46,2,8,name.com,,
36e82508-f52d-4d78-aef7-abd04120a30e,CountyofWilkinson.school,available,9.99,,42,1,19,name.com,,
37033024-b939-4d0a-9ef2-9db3c3a6cc37,MickeyMouse.school,available,49.98,,86,11,12,namecheap,,
374fd1b5-c202-4a3b-8a6c-bc9c7bdbb5b8,coffeebush.school,available,9.99,,80,1,11,name.com,,
37983b0d-331e-4de3-8e14-b5fc9288d034,finalsalary.school,available,9.99,,66,1,12,name.com,,
37bec530-7ec8-40de-b201-eff62e4fc38f,intheact.school,available,9.99,,52,1,10,name.com,,
37bed5c6-d062-4190-aada-09315b2c8d3e,designers.school,premium,140,280,72,15,9,namecheap,,
37c56e04-622c-4f5e-bc2c-066a96c6ca15,comeonto.school,available,9.99,,72,1,10,name.com,,
37c6793c-ecf4-4778-b0f0-f9ca331bfb43,haveityourownway.school,available,9.99,,50,1,20,name.com,,
37d48e98-74da-4f84-8c75-6c2d15450da1,talked.school,available,9.99,,62,6,6,name.com,,
37d88018-6e7b-41a7-a33b-78fe10ed160d,fruitvinegar.school,available,9.99,,50,1,13,name.com,,
37dc92e3-9841-4083-b446-d654027765a8,fundamentalscience.school,available,9.99,,66,2,19,name.com,,
37e88d2f-21f9-4d36-8a58-269e554f3a3b,cometoanend.school,available,9.99,,62,1,14,name.com,,
3804491c-bd79-4104-ac68-d7e78e361168,rocks.school,available,9.99,,78,18,5,name.com,,
38053731-12bf-4be3-b8eb-879137ddeeeb,keep.school,resell,,,76,29,4,"Sav.com, LLC - 8",16/10/2025 15:15,16/10/2026 15:15
3812f383-f6ff-4727-a47b-90bac1466a0f,phases.school,available,9.99,,54,10,6,name.com,,
3818cb00-b2f2-412a-a9bf-08261a6ce9b8,mostoften.school,available,9.99,,56,0,10,name.com,,
38368340-a0c9-4411-b117-67f83468deaa,sides.school,available,9.99,,54,12,5,name.com,,
38581ff4-9057-4342-8f82-7e2e051b4f09,manyandvarious.school,available,9.99,,46,2,16,name.com,,
38657683-6e44-4973-a741-d15cbceccf22,shouldof.school,available,9.99,,55,1,9,name.com,,
387d822b-a6e3-48fd-96af-e98d7b7fe5ca,gotothewashroom.school,available,9.99,,56,1,18,name.com,,
38b29496-2067-4e2c-962a-d1e9dbb5a605,salts.school,available,9.99,,56,7,5,name.com,,
38bcf334-a853-4336-b7e7-a34bb2167b6f,coffeesugar.school,available,9.99,,62,0,12,name.com,,
38bdf6a9-a099-41f4-a84f-f11d70c1f3d8,havethebestofit.school,available,9.99,,68,1,19,name.com,,
38dbdd2d-fe71-4eb4-8ea4-7732afa93818,pens.school,available,9.99,,48,12,4,name.com,,
38e8ada8-7710-479c-8fce-95994102ef14,chiefofpolice.school,available,9.99,,42,0,15,name.com,,
38ed33e3-ba10-483b-a1bd-0a4c3efc4b0e,registration.school,available,9.99,,75,19,12,name.com,,
39041c82-6764-419c-ab0c-c5bd90acb462,spiders.school,available,9.99,,56,10,7,name.com,,
390b19df-d132-4174-a155-1a223db72370,decideupon.school,available,9.99,,76,0,11,name.com,,
391c58c5-4d1c-4a9b-b7c3-74ce5e35f17e,coffeeberry.school,available,9.99,,80,4,12,name.com,,
392b6083-7606-44a3-b5c1-c980326aee2a,workfromhome.school,available,9.99,,51,16,14,name.com,,
392c0b9b-1ef7-4563-9efd-565a2050d85a,distinctivepaper.school,available,9.99,,72,1,17,name.com,,
394b5967-ed30-48ee-bfa6-66a88c106159,stepdown.school,available,9.99,,74,2,9,name.com,,
3950312b-aff4-4414-b53e-2cff32aa1606,suggestions.school,available,9.99,,56,5,11,name.com,,
39823b60-a4f5-4cf8-bc12-d4a39eb98d66,deepdiving.school,available,9.99,,76,2,11,name.com,,
39863971-3ed0-43b3-a63f-6e9158940aa9,functions.school,available,9.99,,54,12,9,name.com,,
39d2b82e-a1ef-485b-bde3-47d548b2c3e5,trussbeam.school,available,9.99,,54,1,10,name.com,,
39ea6ed3-b231-46b5-a705-767634e97e9f,manuallabour.school,available,9.99,,58,1,13,name.com,,
3a2a294c-bb64-417c-9fa3-c7faced61fe8,getturnedaround.school,available,9.99,,64,1,17,name.com,,
3a4e256a-45a2-4c04-b590-94f54fc53a2f,estimationtheory.school,available,9.99,,60,1,17,name.com,,
3a5969d2-fd48-45b8-a94c-acba3ac86567,keephouse.school,available,9.99,,70,2,10,name.com,,
3a5e4e3e-36de-4be4-a962-a363af04e807,fellowfeeling.school,available,9.99,,62,1,14,name.com,,
3a6bb0c7-5f08-414b-b617-bffe15d8a510,thewholeshop.school,available,9.99,,42,1,14,name.com,,
3a9759d2-4950-47d3-beb6-e8866fd434a1,Frenchicecream.school,available,49.98,,72,1,16,namecheap,,
3ab26255-d6bb-4d64-8e46-7c39f8d355b8,origins.school,available,9.99,,46,22,7,name.com,,
3acb9b58-2234-484b-83fe-f63ef299bbec,keepunder.school,available,9.99,,66,1,10,name.com,,
3ad075e7-7091-4d25-900a-a5cddfba75c2,havetheblues.school,available,9.99,,58,1,14,name.com,,
3b2b53fb-3041-42c5-845f-852f8bfd2f18,resumed.school,available,9.99,,56,4,7,name.com,,
3b31c85d-ca5d-49df-8f1c-9a69721b5fef,maketheheadlines.school,available,9.99,,72,0,18,name.com,,
3b4b2553-9eeb-499c-855a-10afac12627d,asusual.school,available,9.99,,58,3,8,name.com,,
3b4fd5d1-23e7-4836-b05f-0b1073e1636d,IsleofThanet.school,available,49.98,,52,2,14,namecheap,,
3b84ef8f-273c-4843-9dc3-c299a3234148,stared.school,available,9.99,,56,4,6,name.com,,
3b8a1a77-a8c0-4512-8db8-403d1f791888,wanttobet.school,available,9.99,,62,1,11,name.com,,
3ba5bb69-fa42-405e-90e8-b3cc07e920fe,comeofage.school,available,9.99,,78,1,11,name.com,,
3bbc209c-6594-425b-8620-68cb0f201033,goastray.school,available,9.99,,66,1,9,name.com,,
3bc5654d-2c6d-422f-9951-b29de0f30c37,getoffeasy.school,available,9.99,,58,1,12,name.com,,
3be21aab-1cfe-4ea5-b64b-b41595238315,sellon.school,available,9.99,,68,6,7,name.com,,
3bf264dc-22f0-4999-9479-943b7efca531,Mikey.school,available,49.98,,70,21,5,namecheap,,
3c0e40dd-1a33-4d31-8d31-24b7fb1067a5,nurses.school,available,9.99,,54,13,6,name.com,,
3c46ce3d-1258-4fdd-91b8-e4f199a4884a,gostrong.school,available,9.99,,74,4,9,name.com,,
3c4dea4e-519b-4881-9b3f-d3a6bbcb6a12,mobiles.school,available,9.99,,62,19,7,name.com,,
3c6182bd-74bf-4933-9669-8c6425208dc2,gowithGod.school,available,49.98,,68,2,11,namecheap,,
3c7157ef-b20e-472e-bb42-4eb23b74553c,havemercy.school,available,9.99,,80,2,10,name.com,,
3c88e4bd-1a40-4740-a30b-a28939a05713,facilities.school,premium,23.1,46.2,77,10,10,namecheap,,
3cb56d75-44e2-43ac-b89a-d11d01265671,kicks.school,available,9.99,,77,15,5,name.com,,
3cb6bbf8-13b9-4d1a-b5fa-0deddd032a4d,scoopthepool.school,available,9.99,,44,1,14,name.com,,
3cecd2c3-3d8b-4f89-b77e-b41a6626304e,stockings.school,available,9.99,,58,6,9,name.com,,
3cffe5cd-5fd5-4fc7-8cd9-d38fc35041bd,lactosefree.school,available,9.99,,74,3,12,name.com,,
3d237c90-761b-4679-a852-c99fd2c74268,feeltheburn.school,available,9.99,,76,2,13,name.com,,
3d29e5ca-e04d-4f7d-9a85-db6c0746bd7c,privatesector.school,available,9.99,,64,2,14,name.com,,
3d4bc13d-0f47-4749-84c4-b6f7a842cf95,getround.school,available,9.99,,74,0,9,name.com,,
3d825352-0d6b-4008-8cb8-1d7fe5ee9483,seemlike.school,available,9.99,,54,0,9,name.com,,
3d8a93f2-c92c-4d07-8467-b6f60c6ca6bc,cometrue.school,available,9.99,,82,5,9,name.com,,
3d90e8b5-3f5f-4878-a305-7a3f008ae50a,progressing.school,available,9.99,,56,3,11,name.com,,
3dc80572-9c1f-4d85-91eb-5b01afb41d9f,sweeps.school,available,9.99,,51,12,6,name.com,,
3dc8f6b7-482e-4694-b04a-7f7362dbbebb,manytoone.school,available,9.99,,68,2,11,name.com,,
3dff1f2b-f029-45c4-b8c7-0b141309a005,gotobatfor.school,available,9.99,,42,1,13,name.com,,
3e02bdb2-38b2-4b0e-8afe-46e9a21ecd1a,executivedirector.school,available,9.99,,56,2,18,name.com,,
3e1a7a1b-b0bc-4dc5-b029-3ce958a91c31,chairs.school,available,9.99,,54,11,6,name.com,,
3e4c6a14-b272-439f-a9bd-300724c78e15,neighbours.school,available,9.99,,53,7,10,name.com,,
3e5577d0-5000-45bc-a872-373069f63e63,feellike.school,available,9.99,,74,3,9,name.com,,
3ec0b7d6-3397-47c1-ab16-26ef2067980c,calls.school,available,9.99,,50,16,5,name.com,,
3ecdd369-256b-4006-ae54-af19a5a4d48e,LunarNewYear.school,available,49.98,,72,3,14,namecheap,,
3edbe8d9-7952-4f8a-8c3f-a81d1564988b,GodtheHolySpirit.school,available,49.98,,58,1,19,namecheap,,
3ee23e37-d650-42e6-acac-6632aabadd3f,pointofcare.school,available,9.99,,70,4,13,name.com,,
3ee4bf31-c0a5-4ecd-ad5b-7742dbb53972,provides.school,available,9.99,,56,5,8,name.com,,
3ef987c4-c839-457b-8df1-8c1ddeddc549,Americans.school,available,49.98,,56,10,9,namecheap,,
3f047092-53f0-43c1-a9bf-eebb199d9f62,likemad.school,available,9.99,,70,0,8,name.com,,
3f0750b9-35e4-443d-a8fc-addf6f2fa272,getpast.school,available,9.99,,76,1,8,name.com,,
3f31c62a-2c65-4dd1-90e8-76c283fadd6b,chiefmagistrate.school,available,9.99,,42,1,16,name.com,,
3f372098-2114-420f-96ea-e18fc9b6f0ee,wall.school,resell,,,72,28,4,"Sav.com, LLC - 9",26/02/2026 15:15,26/02/2027 15:15
3f3e36c7-1097-4252-999e-623121129515,tells.school,available,9.99,,62,7,5,name.com,,
3f3e672c-9444-4aaf-884a-84ffe67dd2a2,steerclear.school,available,9.99,,80,2,11,name.com,,
3fca12eb-cdba-43b5-9051-ae0e7f604c0e,commonstock.school,available,9.99,,68,3,12,name.com,,
3fdfc9be-fb5a-4700-b815-cd67b41e1585,VHS.school,premium,23.1,46.2,71,20,3,namecheap,,
4065dd63-3ec6-486e-b64a-36ecd189bdfc,orders.school,available,9.99,,60,19,6,name.com,,
40786c8e-e0cc-4a6a-9a76-5a70ed80f11f,letrip.school,available,9.99,,75,2,7,name.com,,
407bdea2-058b-464c-beaf-7880bf5da241,zoomed.school,available,9.99,,60,5,6,name.com,,
407c0daf-17fa-4020-a783-33d17cee346e,toured.school,available,9.99,,52,3,6,name.com,,
40852802-2176-4db4-b9b3-03224730719a,compilers.school,available,9.99,,56,4,9,name.com,,
4088b7ba-dc65-4643-9a57-03598385d706,solutions.school,premium,69.3,138.6,56,31,9,namecheap,,
40890f00-c04b-4b8d-a39e-1906be7645c1,prizes.school,available,9.99,,60,11,6,name.com,,
40ac64fa-340f-40fd-a77b-f6cf7222088b,rests.school,available,9.99,,52,5,5,name.com,,
40d3cb88-4b5b-4db1-ab78-c0fe5e593dd4,haveto.school,available,9.99,,78,3,7,name.com,,
40de9c89-3669-4f39-94fc-f148856b27fe,thanksaton.school,available,9.99,,62,1,12,name.com,,
40e410cc-46e6-49a4-bf89-c493f4fd6a50,amplifies.school,available,9.99,,56,2,9,name.com,,
40e89fde-563c-45a7-90d2-81970de04534,incheck.school,available,9.99,,46,5,8,name.com,,
40f73f01-1123-44dd-9c19-eba4b3b00d79,getunder.school,available,9.99,,54,1,9,name.com,,
412bfb23-b3bf-401a-b0b7-856486f331dd,gonuts.school,available,9.99,,76,8,7,name.com,,
415fd716-f323-46e4-ba3f-9048768180a8,axes.school,available,9.99,,36,10,4,name.com,,
4163cbb2-df5e-4292-91f7-ea4260cd3e4b,treating.school,available,9.99,,70,3,8,name.com,,
41848477-d1d0-4367-a123-c2cead487f62,CoventGarden.school,available,49.98,,72,6,13,namecheap,,
41df1cf0-ae5c-446b-8722-f3ad152d473a,comeonstrong.school,available,9.99,,66,2,14,name.com,,
41df4d84-e9f2-4872-a3a4-cf7e903c0eb1,makethecut.school,available,9.99,,78,3,12,name.com,,
41e67088-7f90-423a-b580-a4b0ed86cb92,cocks.school,available,9.99,,56,10,5,name.com,,
41f489ac-67be-46e6-b759-6923ccad380b,ventilators.school,available,9.99,,48,4,11,name.com,,
42207bd6-6b62-4ed1-966f-75ef86a61d7d,Iship.school,available,49.98,,76,6,6,namecheap,,
42417b5a-82f1-43f7-85d4-0b7eb7dd5ccd,rollwithit.school,available,9.99,,56,5,12,name.com,,
4264b2b9-1a00-40ce-8946-85d08c09a5f8,endconsumer.school,available,9.99,,68,1,12,name.com,,
426e7c24-b263-4123-9812-41d0adbb48ed,flaxcotton.school,available,9.99,,56,0,11,name.com,,
427dd8d8-ab0f-4d39-9de2-514f2d6e4544,GreatBarrierReef.school,available,49.98,,64,4,18,namecheap,,
42bd0359-4361-4c7e-81a9-8874ffc58fe1,lunchtime.school,available,9.99,,78,8,10,name.com,,
42be259e-3a09-4d3e-9044-5fc76aec4032,runwith.school,available,9.99,,70,5,8,name.com,,
42c2ef60-2ad1-4aa2-9d68-b3511f415c4d,turnedoff.school,available,9.99,,42,1,10,name.com,,
42d8cd03-be35-476c-a148-d3a139e33032,preferences.school,available,9.99,,80,7,11,name.com,,
42f3dedd-677b-407e-b1d4-c37d74c0ff98,affections.school,available,9.99,,62,2,10,name.com,,
42f5c50c-6280-4bc4-863d-83334cf0d2c5,unicorns.school,available,9.99,,73,21,8,name.com,,
433390c8-c335-4202-af65-2a588bdf94a6,patientcare.school,available,9.99,,79,8,11,name.com,,
43467ee3-98b0-4fae-a2cc-ed3b4d88d417,dues.school,available,9.99,,70,6,4,name.com,,
4366e6cf-1f47-44a3-a322-e707269a22b0,letthebuyerbeware.school,available,9.99,,67,0,20,name.com,,
43674b7e-f496-440f-8bce-b6a43d992679,proves.school,available,9.99,,56,3,6,name.com,,
43927631-01a8-4436-a4d5-6d116a70a301,variations.school,available,9.99,,46,5,10,name.com,,
43e214b2-5ee5-4546-ae37-f8010f41f5d6,getthehint.school,available,9.99,,74,1,12,name.com,,
43f2bd17-82c8-4618-b3c7-7cc6addb9c84,retailbanking.school,available,9.99,,59,3,14,name.com,,
43fb3266-c280-416d-842a-d85685122ae0,waxedpaper.school,available,9.99,,65,1,11,name.com,,
44210d2b-ad0e-416e-8850-1178db48be32,stepping.school,available,9.99,,73,5,8,name.com,,
44686402-a453-4ca9-9fd8-43ba7a777baa,slampoetry.school,available,9.99,,78,2,11,name.com,,
44c2eb6d-3496-4d56-a10e-69a46bc94ffe,actresses.school,available,9.99,,56,5,9,name.com,,
44dcd601-6417-49cd-8e04-dc01b92e494f,corrections.school,available,9.99,,68,6,11,name.com,,
44ebdfdb-7492-407e-b02f-d0af9c1cc0ae,keeptogether.school,available,9.99,,68,1,13,name.com,,
44f01fc8-9b14-45e4-ad21-e0bd5a50360b,equations.school,available,9.99,,54,5,9,name.com,,
44fdd6ed-d323-4c97-9a11-216cd612ff48,fillup.school,available,9.99,,72,7,7,name.com,,
44fe67f4-7397-4c43-adb4-3a8c06706de1,Catholicism.school,available,49.98,,74,6,11,namecheap,,
4502a53a-5cb0-4078-97ed-5f1fa49a90e1,backyard.school,available,9.99,,80,27,9,name.com,,
45c14c02-8685-42bd-93b7-fead76d5a787,difficulties.school,available,9.99,,70,3,12,name.com,,
45c88b37-0cc8-4e6d-9e02-1d7a89963013,leavetown.school,available,9.99,,58,1,10,name.com,,
45e67e21-4e32-45ee-bda6-64423dc25e3c,walktheline.school,available,9.99,,68,3,13,name.com,,
45e91de5-4db1-4aa9-9bcb-631f18f114c5,flashmemory.school,available,9.99,,76,2,12,name.com,,
46667623-5291-4b5a-92cb-e4754d76af91,chickensalad.school,available,9.99,,76,3,13,name.com,,
46814710-b261-4fa4-8e28-dcb5bf154278,parkin.school,available,9.99,,59,8,7,name.com,,
4681497b-1769-4516-bb3c-b396ae2741a7,notleast.school,available,9.99,,62,1,9,name.com,,
46888a8e-6561-4f06-97e2-38063302927a,toys.school,available,9.99,,60,24,4,name.com,,
46a1951e-e63e-4f82-9a4e-abd63f1bb2b2,estatebottled.school,available,9.99,,56,0,14,name.com,,
46a48326-3d2b-4e0e-aa18-f5cbb5d0dcb1,ibanking.school,available,9.99,,76,7,9,name.com,,
46b5e563-8ed7-4d51-9d33-c4f987f30c9f,William.school,available,49.98,,74,31,7,namecheap,,
46ce68e1-5b12-4e4b-bd59-adf76fe505cc,gowiththeturf.school,available,9.99,,66,0,16,name.com,,
46df4f1f-f27c-4964-81b4-241f2189c987,majorityproblem.school,available,9.99,,50,0,16,name.com,,
4737d579-3084-410d-b851-c269ebd67298,smashandgrab.school,available,9.99,,48,2,14,name.com,,
47453c56-51b8-44d4-be78-ef2f4716bb51,barup.school,available,9.99,,82,2,6,name.com,,
475744b2-3bed-471c-a991-6e6e40061ad4,withintent.school,available,9.99,,54,6,11,name.com,,
477db2f8-0dc8-4c6f-bcdf-4c2998be5349,workmanship.school,available,9.99,,74,3,11,name.com,,
47946f51-6beb-4384-af3c-8f2cc602f8d9,holdings.school,available,9.99,,52,14,8,name.com,,
47c1e058-610f-404d-99bc-584960a696e8,generating.school,available,9.99,,54,6,10,name.com,,
47fa42ae-4d22-4682-ae91-9d3c0453fc2f,publictransit.school,available,9.99,,66,3,14,name.com,,
48327936-8044-456d-b021-934d4583045f,manycore.school,available,9.99,,68,3,8,name.com,,
484388e6-a673-4fc9-af90-20025097a998,WonderWoman.school,available,49.98,,92,10,12,namecheap,,
4871afa0-5da7-4368-bc31-37b5fca4ac49,proxybullying.school,available,9.99,,28,1,14,name.com,,
48935264-2e99-4dd0-b7c8-964ab6ced087,letusgo.school,available,9.99,,57,4,9,name.com,,
48c63817-501d-412c-9301-0ab095eebf95,synthesized.school,available,9.99,,57,3,11,name.com,,
48ebdcb9-e40a-4f52-a6d1-89662d038e3e,keephopealive.school,available,9.99,,50,2,15,name.com,,
48fabf82-4fe3-434d-a19e-abf7486825a1,hangover.school,available,9.99,,62,12,9,name.com,,
48fd5971-54d2-4fe9-bd43-be37ebd8db77,SanDiego.school,premium,69.3,138.6,74,29,9,namecheap,,
4928b95e-77eb-46ac-b3af-5d91fb80e165,food.school,resell,,,94,43,4,Porkbun LLC,17/08/2020 16:42,17/08/2026 16:42
492f2d24-2230-4d98-85dc-9e50aa062c7f,arrested.school,available,9.99,,60,7,8,name.com,,
4932c43d-d6aa-45f1-ba82-c0d6a7ebccc9,OxyContin.school,available,9.99,,64,6,9,name.com,,
4945990a-43d0-4a94-82c9-2e71042f2136,gonuclear.school,available,9.99,,68,3,10,name.com,,
4951ff0e-7176-49e5-9f37-cc9f0b591eed,CatholicChurch.school,available,49.98,,70,5,15,namecheap,,
4966a061-694e-437f-9a9c-d63ee731a350,persisted.school,available,9.99,,52,2,9,name.com,,
4979e659-8c54-4d29-901e-ced55b18cdf5,amatter.school,available,9.99,,60,2,8,name.com,,
497d9d1a-3791-41e8-8c4f-3a60938fbfba,CountriesinAsia.school,available,9.99,,48,1,17,name.com,,
497ff544-d9ad-4e86-a14c-63f06fdb3411,sockit.school,available,9.99,,70,5,7,name.com,,
49b51b6c-4067-48cf-a0c8-08c1dea27fe9,keepsomebodyposted.school,available,9.99,,46,0,20,name.com,,
49bbc209-eb2f-4b9e-b907-c2d9f3bb7368,vegetables.school,available,9.99,,64,8,10,name.com,,
49d32f18-7222-414c-a35a-a1f7eafe3980,decideon.school,available,9.99,,76,2,9,name.com,,
4a0b7025-b4bc-414d-b356-a4c3b997d859,gobust.school,available,9.99,,68,1,7,name.com,,
4a557d5e-363c-42dc-ac7f-89d088e624ec,possesses.school,available,9.99,,48,1,9,name.com,,
4a7125c4-1019-4a6f-b02b-7bc55b99ac3a,comeoff.school,available,9.99,,72,1,8,name.com,,
4ab6f4ae-9e88-4e66-9305-e49c249a59b9,costcontrol.school,available,9.99,,52,4,12,name.com,,
4acd1a92-aebe-4534-bfab-3efc3f396b3e,notsomuch.school,available,9.99,,46,1,11,name.com,,
4ad1b81d-6971-43c3-b72a-7085b98dbde5,goquietly.school,available,9.99,,66,1,10,name.com,,
4b0a99b3-c6c9-4cd7-8c00-7b6371f223f3,getoffon.school,available,9.99,,76,0,10,name.com,,
4b125cec-ae16-414b-9515-0b7fb7bb6635,adverbs.school,available,9.99,,50,3,7,name.com,,
4b131bde-8764-49d2-bdc8-bd9030aa0539,seperation.school,available,9.99,,48,2,10,name.com,,
4b9fe263-8bcd-4901-bf12-5b2741f3ee59,windowshop.school,available,9.99,,83,5,11,name.com,,
4ba2f914-87e4-4ff9-b363-8c359719b4bd,havenousefor.school,available,9.99,,56,0,15,name.com,,
4bf036dd-21d4-4fd7-bb6a-cfc596703683,breakfastcereal.school,available,9.99,,72,2,16,name.com,,
4bf50c46-a977-49a9-889e-50f7098e722d,justso.school,available,9.99,,62,7,7,name.com,,
4bfebe93-3af0-4b1e-adc6-163365646362,waitout.school,available,9.99,,63,1,8,name.com,,
4c042a62-40d6-4760-bcb6-29eb77c537d6,gears.school,available,9.99,,54,12,5,name.com,,
4c3b2390-2856-45a9-a185-f119955fb4c6,nonsmoking.school,available,9.99,,68,3,11,name.com,,
4c7a4211-fb1d-4685-b550-be66c2677b8d,prejudices.school,available,9.99,,38,1,10,name.com,,
4ca5c7fb-bbeb-451f-8f46-40b777a94bd3,lactoseintolerance.school,available,9.99,,56,2,19,name.com,,
4cc0ce70-c6f4-4ec2-902b-46a2a7e2ec8d,complaints.school,available,9.99,,40,9,10,name.com,,
4cc3780c-afe0-4698-89d2-02b930548b4d,onthemove.school,available,9.99,,72,10,11,name.com,,
4cebba38-21ff-484a-9ba1-ff4d5434f1b0,pumpup.school,available,9.99,,76,5,7,name.com,,
4d06b75f-1f93-4326-977e-607dcf4f6a6a,goamiss.school,available,9.99,,68,0,8,name.com,,
4d10ee21-661e-404e-b995-3e5b59ee6e96,SikhEmpire.school,available,49.98,,64,1,11,namecheap,,
4d1203cd-fc99-48a6-a65d-ea7a6b7ad291,distributed.school,available,9.99,,64,21,11,name.com,,
4d1da62c-6369-4adb-8493-c3ee2d259208,midDecember.school,available,49.98,,80,1,12,namecheap,,
4d3f2387-c9a6-48b0-b018-d5db22e6b529,Acup.school,available,49.98,,80,5,5,namecheap,,
4d4d8e82-0209-4fd1-bacf-b6897a101b3b,Ihaveatoothache.school,available,49.98,,50,1,18,namecheap,,
4d6293c4-babe-4fbd-aebd-fd40346866cf,Wikipedias.school,available,49.98,,53,2,10,namecheap,,
4d6c9d6e-a68d-430e-80ee-d16b39b453c8,favors.school,available,9.99,,76,8,6,name.com,,
4d6f629e-2ee9-4997-ba59-46d76c968c2f,plateup.school,available,9.99,,74,2,8,name.com,,
4dd32755-332d-41bc-9bb2-747bc1084cac,fanmail.school,available,9.99,,74,7,8,name.com,,
4e38b3dd-5f3e-4a3a-a69a-b7b82c375116,boundaries.school,available,9.99,,56,7,10,name.com,,
4eb494a7-7b28-482b-813b-69614908e50e,chalkboards.school,available,9.99,,52,2,11,name.com,,
4ef14a47-ac9f-45ff-b97b-587c3d6a3dfc,voted.school,available,9.99,,54,6,5,name.com,,
4ef7ce28-491e-4f58-972f-17553419c0ab,bros.school,available,9.99,,58,19,4,name.com,,
4f0e88bb-8409-4278-89a8-1c09a81bd0fe,Trex.school,available,49.98,,80,24,5,namecheap,,
4f51edec-3e3e-47d6-a799-4c23a6f0d46c,users.school,available,9.99,,54,18,5,name.com,,
4f595630-b4c3-4ec2-ba5c-904193f7fd7c,lookingforwardto.school,available,9.99,,54,2,18,name.com,,
4f627e89-366c-47de-a202-01de972a9a46,carryforward.school,available,9.99,,66,3,13,name.com,,
4f78f5fa-ba1c-44f7-967e-b0b1c96cab36,rolemodel.school,available,9.99,,85,6,10,name.com,,
4f7ba776-fb9d-4ecd-8bda-d614c5944727,seniorcollege.school,available,9.99,,67,1,14,name.com,,
4f91fba5-7292-4882-b670-fc779880dc40,yards.school,available,9.99,,66,9,5,name.com,,
4fa772f5-2a90-41d5-ac50-bd8c5dfabd98,pestcontrol.school,available,9.99,,74,18,12,name.com,,
4fdb64da-d212-4abe-814c-11c53a965b67,rollinginit.school,available,9.99,,46,1,13,name.com,,
50068378-055c-4b99-96c8-a9528abf1462,exclaimed.school,available,9.99,,50,2,9,name.com,,
50285553-3c21-434c-bc2b-2bfa900badc9,softenup.school,available,9.99,,68,1,9,name.com,,
50313237-39bf-4de0-94e0-beadf2d869b7,stretches.school,available,9.99,,50,2,9,name.com,,
504e864a-c57d-42ec-a246-67028e9e23e2,wipes.school,available,9.99,,56,8,5,name.com,,
50515bf7-4ff8-4aaa-ba88-e67b245cb6f4,trios.school,available,9.99,,50,9,5,name.com,,
508f0595-e0bc-4ad2-8ea9-377cbf97e2cb,peed.school,available,9.99,,54,4,4,name.com,,
50987496-5f9b-410e-82e6-768511958c2c,coffeesyrup.school,available,9.99,,80,2,12,name.com,,
509a68f4-889f-4045-9f6c-bceab4d37a69,manysplendored.school,available,9.99,,60,2,15,name.com,,
509c8fe1-df08-4aaa-bee8-ca5a4a2de0db,ifpossible.school,available,9.99,,64,1,11,name.com,,
50c5770c-8c43-429c-b6ff-bd6ea6fdba7b,woodentruss.school,available,9.99,,56,1,12,name.com,,
50d4ef94-5f42-4a80-a3ad-dee3d3179b73,poems.school,available,9.99,,58,9,5,name.com,,
50d8d4fd-00d6-4803-9c38-8b2e233e426a,parishes.school,available,9.99,,51,3,8,name.com,,
50ebce48-9a53-411f-a350-063e86939d23,counts.school,available,9.99,,76,8,6,name.com,,
50eecf44-ea3e-4307-bd93-d41a7bb969b5,tattooing.school,available,9.99,,68,5,9,name.com,,
50fbe20a-882c-41c9-96d5-68ccdb321f42,makefriendswith.school,available,9.99,,58,1,17,name.com,,
50ff1484-a2a4-4238-832d-c7bb0bf65b5b,commonhousefly.school,available,9.99,,42,1,15,name.com,,
50ffc08b-ab28-4189-a788-fae3e5aa0902,gets.school,available,9.99,,60,15,4,name.com,,
5110170e-8005-4545-813e-021619e91ee3,truer.school,available,9.99,,57,8,5,name.com,,
51160136-689d-4df6-a1f5-487460ca2a15,asoflate.school,available,9.99,,56,0,10,name.com,,
512a8949-5d91-4c36-96e4-38f493cd2f9f,penalties.school,available,9.99,,68,3,9,name.com,,
5139d774-8706-4074-83db-194a2fb84ea8,plateout.school,available,9.99,,65,1,9,name.com,,
5144e544-9282-4b35-827c-410d8bb049f6,vitalsign.school,available,9.99,,72,4,10,name.com,,
514f8aba-294f-49be-92ac-96289975b13a,portholes.school,available,9.99,,46,2,9,name.com,,
5161ac84-5007-418f-a1b0-11c61faf2f17,attempts.school,available,9.99,,54,3,8,name.com,,
5175b317-db6d-40ea-a899-85e487518e86,tycoons.school,available,9.99,,55,6,7,name.com,,
51b4d0c5-2c58-4e9c-80d2-d92468bfb7c3,deepfried.school,available,9.99,,74,6,10,name.com,,
51c6e54c-cb78-4b4c-a798-ca69ce6e5add,occurred.school,available,9.99,,60,3,8,name.com,,
51d703e7-f10c-4688-b913-9d6864ecaa67,proceeded.school,available,9.99,,60,2,9,name.com,,
51dadeca-25c8-4a18-8148-8ce1e2ad8732,reston.school,available,9.99,,75,10,7,name.com,,
51fafcf9-be99-440d-8434-8893cfe0bbee,Ihavecancer.school,available,49.98,,44,2,13,namecheap,,
51ff70cf-7e5d-454a-8853-f1be5ea18ed7,letitsnow.school,available,9.99,,69,4,11,name.com,,
5201e1af-c9d0-4c5f-aefc-d612107ad391,goalongwith.school,available,9.99,,70,1,13,name.com,,
5207c84f-cad8-4c8a-ac70-8059d5a0100b,takesteps.school,available,9.99,,71,2,10,name.com,,
5218fddb-51af-4665-8a19-b7c44f906cbc,noless.school,available,9.99,,62,4,7,name.com,,
521c0bcd-9aef-480d-97e4-5fcf92789f5c,jollyalong.school,available,9.99,,82,1,11,name.com,,
52439eb5-988a-4294-9c11-a06f374c681b,makethedifference.school,available,9.99,,72,3,19,name.com,,
5244be84-3b0a-4bde-bf2d-b2ea5439961d,flashflooding.school,available,9.99,,52,0,14,name.com,,
52586ace-7f66-4e63-aad4-b255e47bbc58,IamHIVpositive.school,available,49.98,,44,1,17,namecheap,,
525fcd33-8791-41bb-852f-ed615c2f884a,Christians.school,available,49.98,,62,15,10,namecheap,,
526aa957-522f-4bfa-b644-d1b67b10731c,havenoneofit.school,available,9.99,,56,1,15,name.com,,
526e6f57-33bd-460b-87a7-830799e0e085,risks.school,available,9.99,,43,10,5,name.com,,
52acaa77-53e6-4392-a7b3-9625708149ce,Frenchthyme.school,available,49.98,,74,1,12,namecheap,,
52b6bb60-5a1e-4c9c-b8ca-745dee832f7a,dogsledmail.school,available,9.99,,94,0,12,name.com,,
52bbfb41-c2aa-4e02-823e-48a927edbbf1,getoutof.school,available,9.99,,79,2,10,name.com,,
53179122-043d-4c1e-bf86-22563228aac2,strikeablow.school,available,9.99,,70,0,13,name.com,,
5344477a-c26b-443c-b6d6-d0843f15949d,alotof.school,available,9.99,,60,5,8,name.com,,
5363e27c-d14d-4afe-bf4f-12085c00d9d3,porkroast.school,available,9.99,,59,0,10,name.com,,
536aadcf-66ac-4cb1-b661-a3eec3b482e0,inconclusion.school,available,9.99,,60,2,13,name.com,,
53931f9b-2b3c-4f6a-83d2-cdcc37b44d21,orderarms.school,available,9.99,,70,1,10,name.com,,
5394af70-e011-49bd-b515-0e12477b52b2,punched.school,available,9.99,,50,3,7,name.com,,
53c0f318-2ffd-4c2e-9119-20b39f489059,niches.school,available,9.99,,53,6,6,name.com,,
53dbe83f-e85a-44a0-8fe9-5686b7d5138a,wars.school,available,9.99,,48,10,4,name.com,,
53e71d4a-ac76-4755-823b-40bac2224d7b,railways.school,available,9.99,,51,6,8,name.com,,
540c1a7b-3e3c-4716-aaf9-31408e03d4e1,Idodeclare.school,available,49.98,,58,2,12,namecheap,,
54135234-746e-4f2d-a4c5-7011110bb99d,precautions.school,available,9.99,,48,2,11,name.com,,
5448eb0f-5d81-4d90-b79f-0ae41f024b47,CountyofWilkin.school,available,9.99,,42,1,16,name.com,,
548ab1c0-d141-4c42-ac86-52b314279ebd,comeoutin.school,available,9.99,,70,1,11,name.com,,
549abf66-1e4d-4333-ad50-41bff70d414a,coffeeklatsch.school,available,9.99,,72,1,14,name.com,,
54a00dd5-8956-444c-a98e-b45708923e86,bloodpressuremeter.school,available,9.99,,48,1,20,name.com,,
54c11e14-1e3a-46e3-8482-2edd6f70d820,comewith.school,available,9.99,,72,3,9,name.com,,
54c33678-a9ab-4dd5-99ae-61ae16ab04c9,terrifies.school,available,9.99,,39,1,9,name.com,,
54d77d19-8046-4e06-a11b-44e55726ef5d,Ihaveadisability.school,available,49.98,,50,1,19,namecheap,,
54e30de1-5e0f-437e-82d1-c3f6da203aa9,longago.school,available,9.99,,68,3,8,name.com,,
55099e82-df8f-4344-b3fb-9b1f6a2a2821,coats.school,available,9.99,,68,12,5,name.com,,
55295087-1f44-4ca8-adbd-171ad55a9bab,artgalleries.school,available,9.99,,57,4,13,name.com,,
5535941e-e809-48c9-917a-851b40d9d679,placeupon.school,available,9.99,,48,1,10,name.com,,
55478004-c532-4609-a709-89189553b830,cloves.school,available,9.99,,60,5,6,name.com,,
554ae87d-92b4-4ae6-96ab-c88a5bfef935,happens.school,available,9.99,,52,8,7,name.com,,
554bef8b-d510-4fe1-a980-ae1f6cd40dd3,disinfection.school,available,9.99,,74,5,12,name.com,,
555488cd-d6ed-4f2e-9a9d-d7f406d4643e,clearout.school,available,9.99,,70,5,9,name.com,,
55552b85-f97d-4c61-a065-f1f5fb840311,lordover.school,available,9.99,,72,1,9,name.com,,
55684c26-96e8-465f-a71d-62e8d22c8d66,IslesofScilly.school,available,49.98,,52,1,15,namecheap,,
556f15f0-1c20-48b1-b98b-11db5fb0a5f7,beaches.school,available,9.99,,72,14,7,name.com,,
558b5d74-bafd-46f7-88ed-7ab2e10e3934,hightea.school,available,9.99,,76,8,8,name.com,,
558e3545-aab8-46d3-a8d7-4ff475dfc081,smiled.school,available,9.99,,66,5,6,name.com,,
55c87aa3-762e-4769-bb5c-efff61a5ede7,rented.school,available,9.99,,54,8,6,name.com,,
55ee4b51-0ff9-4e6b-9710-91dd6f262ec4,alternativerock.school,available,9.99,,72,1,16,name.com,,
55f4b45a-2bb0-4080-a057-39924903b554,hitwith.school,available,9.99,,76,2,8,name.com,,
55f8a146-9c8c-4e8e-b562-a72ecab6872f,trailers.school,available,9.99,,54,15,8,name.com,,
55fcc23d-b0c9-46cd-8c3e-3d878d5de7cf,majorityleader.school,available,9.99,,54,1,15,name.com,,
56240ea5-c713-4def-80b9-e1101a7afb6d,replied.school,available,9.99,,58,4,7,name.com,,
5664b20c-6a9e-4b49-a6ed-9c8b0af7a3db,wished.school,available,9.99,,66,4,6,name.com,,
566ea93a-96b9-4a64-b70c-eb98f4b1f6ab,introduces.school,available,9.99,,58,2,10,name.com,,
5693dfa6-68f7-4583-8e23-756529f659b8,havenosympathy.school,available,9.99,,54,1,16,name.com,,
569c4be4-849d-4e36-bc72-ad7a5b704580,massages.school,available,9.99,,61,10,8,name.com,,
56d37cea-d818-4e81-afb5-68bf437f6c9d,Imustgo.school,available,49.98,,58,1,9,namecheap,,
56df002a-aeba-44ad-beb1-e9cfe87c1cf5,thrilly.school,available,9.99,,71,2,7,name.com,,
56ffb370-a345-4607-97cf-14e63e4cae2e,grandkids.school,available,9.99,,66,3,9,name.com,,
5701a4c9-b86b-4b82-9ddb-b977aa4de311,landedestate.school,available,9.99,,42,1,13,name.com,,
57049b40-5128-4acc-844b-54da3b85d55e,texts.school,available,9.99,,52,13,5,name.com,,
5715a476-d55b-4a5a-ba94-162a6f4b18e0,worldsapart.school,available,9.99,,64,3,12,name.com,,
571b906b-075d-44cd-954c-615422ecbb04,comeknocking.school,available,9.99,,66,1,13,name.com,,
57974eb2-6c66-4251-a32a-674572ec28b9,sugars.school,available,9.99,,55,8,6,name.com,,
57e1b9ae-de67-426f-bf7e-475fc307c194,slipped.school,available,9.99,,70,3,7,name.com,,
582ae4b7-2196-49a6-a8f0-ee4c54c4533e,cometogripswith.school,available,9.99,,62,1,18,name.com,,
583f38bf-9cf6-4d79-a74d-cfb950a81dac,onspecial.school,available,9.99,,52,2,10,name.com,,
585098fc-8ff6-4ac1-ac9f-2e6b0aa4987b,goby.school,available,9.99,,74,9,5,name.com,,
5887adfd-9d8b-4657-be4b-cd1052e5d4b5,herbbutter.school,available,9.99,,80,1,11,name.com,,
5889200a-5d0a-41f8-9fe6-0ec51fac702b,midautumn.school,available,9.99,,80,2,9,name.com,,
588f9fc8-969f-4224-a700-7cfad776f11d,singleout.school,available,9.99,,72,1,10,name.com,,
58998bdd-1831-498f-a022-3e4bd3a35dba,Occupations.school,available,49.98,,50,3,11,namecheap,,
58a473cb-29e4-4f48-bc0d-8201a33eac53,eachtotheirown.school,available,9.99,,46,1,17,name.com,,
58bc9e07-681d-457b-a319-9fb00574d0ba,toes.school,available,9.99,,58,8,4,name.com,,
59404ffd-bcf5-436a-860c-7df36261832f,makeof.school,available,9.99,,76,1,7,name.com,,
594f322a-d658-4e7b-8d91-0bddaad34253,Ihaveaquestion.school,available,49.98,,50,2,17,namecheap,,
5965a78d-0a7a-4ab0-8dde-5b7652fd9211,pianos.school,available,9.99,,58,11,6,name.com,,
59b8df44-05c7-480f-a524-2ed5602f5a67,letup.school,available,9.99,,74,3,6,name.com,,
59c0b160-1eee-4725-acf4-8c9bd8fe4a46,gosteady.school,available,9.99,,70,3,9,name.com,,
59c746cc-e14e-4ab8-a9a2-0ceb1de05d94,receptions.school,available,9.99,,53,4,10,name.com,,
59fb8ebc-b7e7-4662-82bd-dc92d6a98306,runners.school,available,9.99,,78,16,7,name.com,,
5a09b036-a0a6-4cfd-8858-7b499b791020,keepnote.school,available,9.99,,48,2,9,name.com,,
5a2e1249-c73b-4ae4-9b9f-37ca77a1e13f,platearmour.school,available,9.99,,65,1,12,name.com,,
5a3f158a-9965-469f-b2e9-cded341c59ac,herbalmedicines.school,available,9.99,,52,2,16,name.com,,
5a4e7eb2-e13d-45b4-b32a-eec479107f52,comeinuseful.school,available,9.99,,68,0,14,name.com,,
5a5084f8-ada3-437b-8500-09c971c91014,costbenefit.school,available,9.99,,52,3,12,name.com,,
5a579f0f-1362-45b3-8581-00264fafbdb7,scootover.school,available,9.99,,66,2,10,name.com,,
5a5cab3e-e65e-45e9-b1fe-d60c8d31b196,manytomany.school,available,9.99,,68,2,12,name.com,,
5a820ffd-280e-4286-8e07-d6ee100288e4,howthedevil.school,available,9.99,,40,0,13,name.com,,
5aac570e-1a80-40cf-82c9-0ffe9f4a8ce0,floods.school,available,9.99,,38,6,6,name.com,,
5ad5c5c3-aeab-450c-8654-c50a4c102acc,mealsonwheels.school,available,9.99,,80,5,15,name.com,,
5ae06e5d-32b6-4f4c-9490-adf42a413da5,locks.school,available,9.99,,66,14,5,name.com,,
5af3b18d-deec-4f48-8827-dc1b7692c463,rollover.school,available,9.99,,75,8,9,name.com,,
5b006b8f-8214-4458-af76-9fff9f14126b,makeknown.school,available,9.99,,78,4,10,name.com,,
5b1ab9aa-233a-49ae-af01-4c02e389b63a,Frenchparsley.school,available,49.98,,66,1,14,namecheap,,
5b3c3817-7876-45d5-9b7c-e657bbab7e7f,swords.school,available,9.99,,52,10,6,name.com,,
5b64a6e2-1a9d-4a20-a24c-7079196208ba,templates.school,available,9.99,,54,17,9,name.com,,
5b65ff6f-9bf2-4521-bc37-57aafbb30c9c,securing.school,available,9.99,,62,8,8,name.com,,
5b6623ce-b61f-4ff9-9251-2093ec8b7311,porkribs.school,available,9.99,,55,1,9,name.com,,
5b861736-92ec-4bc1-89e8-e312ee9c7ee6,shareholders.school,available,9.99,,50,5,12,name.com,,
5b8d2877-20bb-4c26-b574-d4bdc3a29536,gomad.school,available,9.99,,70,5,6,name.com,,
5b933de8-16c4-4856-b2c8-68212363cce3,Iswear.school,available,49.98,,58,2,7,namecheap,,
5bb50ce4-bf70-490e-96ee-cfce87298ffe,trucks.school,available,9.99,,55,19,6,name.com,,
5bd1680f-91db-4696-a446-0f2d59e67937,timbertruss.school,available,9.99,,54,2,12,name.com,,
5be05f18-aab9-4b1b-9055-bebdcfacfe9d,getupandgo.school,available,9.99,,70,3,13,name.com,,
5be984cf-5614-46fc-832e-02f48f4d5c33,backtofront.school,available,9.99,,46,3,13,name.com,,
5bef520c-4eac-4c66-8aa8-af39b70254e5,advertisements.school,available,9.99,,54,7,14,name.com,,
5bf5fa15-0f8c-4de3-b46b-f56020b8099a,AcademyAwards.school,available,49.98,,68,3,14,namecheap,,
5c078a73-dce4-4731-9604-8f155d8fad07,plateglass.school,available,9.99,,60,1,11,name.com,,
5c0876c0-efc6-4612-840d-f8c052d0c893,proxyvoting.school,available,9.99,,62,2,12,name.com,,
5c16d349-26f1-4f68-b9b9-d778b97e650e,throats.school,available,9.99,,44,2,7,name.com,,
5c2ac833-ba00-4ba3-a2a9-88c067d62c64,straws.school,available,9.99,,54,6,6,name.com,,
5c39d9d5-c8ad-4747-b996-3f6cf0bd7939,forests.school,available,9.99,,60,11,7,name.com,,
5c9b3fd0-ce48-446b-b22d-a90bb5d895f3,manypartedness.school,available,9.99,,64,1,15,name.com,,
5c9e40db-75f6-4c52-8669-bf731a1653a8,boats.school,available,9.99,,52,24,5,name.com,,
5ccdd4ae-c7a1-4f3a-9ad7-130b88d27304,victims.school,available,9.99,,42,5,7,name.com,,
5cea63ae-4eab-483c-ab72-4549ab1a31a1,elephants.school,available,9.99,,68,9,9,name.com,,
5d14bf4d-6812-4146-9c0e-a14df2e3f507,settledown.school,available,9.99,,80,2,11,name.com,,
5d28adf1-359c-4a50-86ce-19c3e663f241,finaltest.school,available,9.99,,58,2,10,name.com,,
5d2ae7a8-be49-4d20-b518-36952624e317,eachtohisown.school,available,9.99,,46,0,15,name.com,,
5d428980-24b1-4e76-bc7d-cc121ce90a5d,keepback.school,available,9.99,,70,2,9,name.com,,
5d4ac406-79a1-40d4-a392-2f9db7a50b6c,coffeepotful.school,available,9.99,,72,1,13,name.com,,
5d92665f-e006-42dc-87a7-028d4b1553d0,backs.school,available,9.99,,56,5,5,name.com,,
5d95c2b1-c21c-4ea9-beec-941f71122310,ambivalence.school,available,9.99,,76,4,11,name.com,,
5dd75675-865d-496d-b2e3-b3e3bedd3c7f,closeout.school,available,9.99,,76,6,9,name.com,,
5df4156e-1eaa-4e09-ad0f-23124af6aafa,mentalnote.school,available,9.99,,54,3,11,name.com,,
5e0254ad-75a6-464d-b86f-0a4d39d62b7b,getlaid.school,available,9.99,,76,6,8,name.com,,
5e03bc86-b7cb-4c9e-8d05-24a75c4d9894,cheesefries.school,available,9.99,,74,1,12,name.com,,
5e0e74b0-1160-42c7-bba4-2b10689bad20,subsidiaries.school,available,9.99,,51,2,12,name.com,,
5e12eb03-0bd2-46f0-ae9e-82fabe653975,letonerip.school,available,9.99,,75,1,11,name.com,,
5e33ca55-502e-4f8f-be9d-f47e7a2e6306,bottles.school,available,9.99,,62,12,7,name.com,,
5e42512d-bfe7-4af0-bbe1-efd925603062,JusticeSociety.school,available,49.98,,48,1,15,namecheap,,
5e89121e-bf6a-47f6-962b-2bc97ee28a4b,outofoffice.school,available,9.99,,61,19,13,name.com,,
5ea112d5-4a55-41d0-a356-f19379235838,velocities.school,available,9.99,,52,4,10,name.com,,
5eaa43e0-f44e-4adb-b4db-ee38eec28182,wellbuilt.school,available,9.99,,78,7,10,name.com,,
5ef92bdb-d69f-4c41-b58f-82441f93a683,desires.school,available,9.99,,72,9,7,name.com,,
5f183e8a-4cf0-460b-afb3-cce74e3720cf,filledin.school,available,9.99,,52,2,9,name.com,,
5f1f7416-0467-49b3-be62-bf5c64dba99d,chickenout.school,available,9.99,,74,1,11,name.com,,
5f2b500f-6436-45bc-b1de-d9dc1ab5fb0f,AmazonRiverdolphin.school,available,49.98,,72,1,20,namecheap,,
5f31f49a-8e8b-4046-9520-0f20a2cebb76,arrays.school,available,9.99,,50,5,6,name.com,,
5f37f865-758c-41a3-8670-cdecf05eccf0,Keith.school,available,49.98,,66,25,5,namecheap,,
5f3b7b68-fd0c-485a-bd47-0f2f41b534d1,makefriends.school,available,9.99,,88,6,12,name.com,,
5f40ae8d-fa50-438d-9f1a-38fb73e0b86d,puts.school,available,9.99,,58,7,4,name.com,,
5f42b056-6dba-452c-8cdb-1260c7acce00,comerunning.school,available,9.99,,74,1,12,name.com,,
5f636ad0-6bb1-40d8-b26a-06c969648266,runtheshow.school,available,9.99,,73,3,12,name.com,,
5f7318de-5e8b-4d8d-8310-89f3eb54ca9d,SouthTyrol.school,available,49.98,,66,6,11,namecheap,,
5f770a17-89e3-434c-a6aa-2e47db6508f7,somewhereelse.school,available,9.99,,60,3,14,name.com,,
5f7e182a-874f-4238-a136-8b6eaf4dee57,chunks.school,available,9.99,,46,8,6,name.com,,
5f861279-ffa5-4b18-8cb5-8b6d33b84092,bluecheckmark.school,available,9.99,,70,2,15,name.com,,
5f876830-61e2-4fdf-9ac8-e3533ee23c18,coulduse.school,available,9.99,,56,1,9,name.com,,
6006f0f0-bc6d-4021-b744-37ee7e091bbe,ofan.school,available,9.99,,44,4,5,name.com,,
60072e4a-3e6e-4e60-84ee-3377f7d39d28,sparklingwine.school,available,9.99,,69,4,14,name.com,,
602453a8-aa3f-4249-b848-f77f8cfd9ba7,veggies.school,available,9.99,,64,7,7,name.com,,
60420e05-19cb-4e6c-9c00-4f240e2e89ce,owns.school,available,9.99,,56,8,4,name.com,,
60954d51-24ce-44bd-8c82-5ced5af432d0,makethefinalcut.school,available,9.99,,50,1,18,name.com,,
60b53048-7c4d-4b1e-bcd1-06e282e54e81,makeout.school,available,9.99,,76,4,8,name.com,,
60c05042-c786-4322-9dcd-c9ab8539bf53,takedown.school,available,9.99,,74,11,9,name.com,,
60d01ca4-7eb1-40ef-bf23-ef84c4e1739a,merrygorounds.school,available,9.99,,54,0,15,name.com,,
60f131ca-7f10-4ff0-8321-23f482a0436c,setto.school,available,9.99,,72,6,6,name.com,,
6100b8f3-fc80-43d8-bba3-fb6a9c19d6b5,socialjustice.school,available,9.99,,68,6,14,name.com,,
611518e5-aa55-49ea-b0e7-203c3a76d1bd,niggers.school,available,9.99,,37,13,7,name.com,,
612bd85c-f9da-4474-a026-c7468afd03f1,scratches.school,available,9.99,,60,4,9,name.com,,
61441ffb-9c18-4a76-aa28-6d2374157b83,cheeseit.school,available,9.99,,54,2,9,name.com,,
6152ec27-9adb-4e82-bc81-74f284e7e86e,getlate.school,available,9.99,,72,1,8,name.com,,
616a25e1-05b0-409f-ac1d-b2e396ea51e7,stackup.school,available,9.99,,64,11,8,name.com,,
6177118e-78c2-4691-8613-6008a4437671,tobetruthful.school,available,9.99,,46,1,14,name.com,,
61beac7d-6ef1-4201-956c-38b8b53a02d9,toburn.school,available,9.99,,50,1,7,name.com,,
61e2eca1-93d6-4d1c-9383-dc0199c246c1,plans.school,available,9.99,,60,20,5,name.com,,
61ef1a79-0c8e-491b-8a49-ac70005b1050,nothanksto.school,available,9.99,,58,0,12,name.com,,
61f6fb48-c653-4055-bace-435cce61de9d,introspection.school,available,9.99,,66,8,13,name.com,,
61fa1df0-f074-4879-9efd-00b28bed8615,letthedevilout.school,available,9.99,,62,1,17,name.com,,
61fae1cd-8d61-4878-82a2-a6c5282ec2f0,Ispy.school,available,49.98,,76,14,5,namecheap,,
62093d67-1ec5-4eaa-8a1f-e96c300102c7,blueberries.school,available,9.99,,70,9,11,name.com,,
622163af-f32b-493b-a6da-862fb52296b8,breasts.school,available,9.99,,50,9,7,name.com,,
624bb097-2a54-435d-aa9b-19ab5a956e14,getoutside.school,available,9.99,,79,6,11,name.com,,
62556d04-80ce-48d7-9c30-0356736ebe50,moveup.school,available,9.99,,79,14,7,name.com,,
62a6e12f-fc19-460e-bf73-4e278547574f,dowithout.school,available,9.99,,68,1,10,name.com,,
62af6782-487d-45b4-8e33-115bd2413a83,cometopower.school,available,9.99,,66,1,13,name.com,,
63043587-4acc-4579-b65e-62be81fe3cde,bases.school,available,9.99,,54,9,5,name.com,,
6311f9d3-9810-453f-b8d0-1c2f8917f757,populations.school,available,9.99,,50,4,11,name.com,,
63167565-b684-4b51-98e7-ff9e86edcbe0,children.school,premium,69.3,138.6,68,21,8,namecheap,,
636546a8-ddc0-4cd8-8e39-ea48d70bae89,ballplayer.school,available,9.99,,74,3,11,name.com,,
636edca1-2027-4a61-bb82-0b522d793f71,stepoff.school,available,9.99,,68,2,8,name.com,,
6394b7d5-eef5-414a-b07f-d72f2d1eae98,aswespeak.school,available,9.99,,58,2,11,name.com,,
63ac9d00-cc57-4c36-be52-625ff3e0b61b,privatelife.school,available,9.99,,78,4,12,name.com,,
63b3e3df-8dcf-47a4-8fbc-c8eec2bf6b62,heavymetal.school,available,9.99,,70,15,11,name.com,,
63bbd9f2-7a23-4f88-a492-e26f90c9ec3b,BlackWallStreet.school,available,9.99,,44,9,17,name.com,,
63c1bc34-afb0-416e-87a0-a84474697d1f,bonappetit.school,available,9.99,,86,8,11,name.com,,
63c6bae8-6bd2-4837-b8eb-4b7040c786a0,combinations.school,available,9.99,,56,4,12,name.com,,
63cfadc5-3fd2-4a46-b767-b1a1c885dbdc,childrapist.school,available,9.99,,38,1,12,name.com,,
63d35cae-1452-49e0-a29b-667ece2ea1fe,intheeventthat.school,available,9.99,,48,1,17,name.com,,
63d54283-2159-4ea7-a823-366a0e1cc2e5,mathematics.school,premium,69.3,138.6,68,19,11,namecheap,,
63d7fea2-b755-4af1-9367-a2a17bd2f258,keepstraight.school,available,9.99,,62,1,13,name.com,,
640dbbc7-f980-4154-b0fe-4b365097d275,geese.school,available,9.99,,53,10,5,name.com,,
641300dc-75fb-44c9-b08a-f9eec21d7b09,dropsomeonealine.school,available,9.99,,70,0,19,name.com,,
643a61fa-d4da-4b6b-866a-e5fa67d2632a,QandA.school,available,49.98,,80,10,7,namecheap,,
64515c83-bc25-4e53-845f-3ef6503513b6,politicians.school,available,9.99,,44,7,11,name.com,,
64637a39-f33b-4ca6-8173-bcafa168ee53,inthesameboat.school,available,9.99,,48,2,16,name.com,,
64b961cd-00f3-4a09-a96c-c5691c949f3b,prayed.school,available,9.99,,62,4,6,name.com,,
64d41709-4d5e-49a9-9243-a80323310a2b,getoninyears.school,available,9.99,,44,0,15,name.com,,
64db291f-579b-49b1-af55-2a1421ac536a,paced.school,available,9.99,,49,5,5,name.com,,
65026fad-1d94-4887-a19b-e2ea5cd0dcb7,filings.school,available,9.99,,48,8,7,name.com,,
6504edae-a325-41d1-bc67-dfc11ec4cbde,godown.school,available,9.99,,74,5,7,name.com,,
6515d664-35c8-4d7b-b792-56495b8e5fad,segregation.school,available,9.99,,62,2,11,name.com,,
6552e468-1317-4042-ae6a-4faf6fa7fb20,ratings.school,premium,69.3,138.6,53,19,7,namecheap,,
655850fd-5987-4b38-bfaf-e60029f4a7a5,disorders.school,available,9.99,,46,5,9,name.com,,
655f5d12-4782-499d-adc4-24f80ba0ed7a,hills.school,available,9.99,,65,20,5,name.com,,
65830af0-eb61-43f1-9e3b-b831ae0262ff,types.school,available,9.99,,54,14,5,name.com,,
65ac5192-cefd-4ed3-b117-91059c05feb5,gonowhere.school,available,9.99,,62,2,10,name.com,,
65d48df8-8dea-4fbc-805e-f940b3bd933b,costeffectiveness.school,available,9.99,,64,1,18,name.com,,
65f39aad-ef73-429f-84ac-96910f9e6351,inthemain.school,available,9.99,,50,1,11,name.com,,
65fa5bf6-cc51-485a-9664-f3b3dfd65c5e,getlucky.school,available,9.99,,84,10,9,name.com,,
66063c28-6eae-409d-a479-fc4611126f37,getontheendof.school,available,9.99,,64,0,17,name.com,,
661b45e8-0728-41a0-ba41-6c88d7882ffa,quitting.school,available,9.99,,54,4,8,name.com,,
6635d3a3-786c-4591-b87f-992c93d53095,Igirder.school,available,49.98,,58,1,8,namecheap,,
6663e98d-11bf-4fa8-bc6d-d9a67945e36c,instate.school,available,9.99,,66,4,8,name.com,,
66975db5-2139-4650-a488-295f24bfb000,fittoaT.school,available,49.98,,64,1,10,namecheap,,
66a2f4bb-600f-41ad-81b4-d199f69ce56e,draws.school,available,9.99,,65,6,5,name.com,,
66a9dac1-5b71-4118-8893-87b40c41fb82,whitewine.school,available,9.99,,76,6,10,name.com,,
66bbc5d8-f0ab-48ec-bc1d-4efb4ddf1607,rubs.school,available,9.99,,52,6,4,name.com,,
66daf404-87b9-409a-9394-6edf7c5c057c,racing.school,resell,,,74,27,6,Porkbun LLC,03/06/2015 16:00,03/06/2026 16:00
67515c1b-68b2-4692-9932-778d0c6d9333,officeclerk.school,available,9.99,,49,1,12,name.com,,
675a0a0c-14ed-47a7-bade-973b608ef040,thereaway.school,available,9.99,,58,1,10,name.com,,
675b2929-9465-4e84-bdda-e3db50514314,changeout.school,available,9.99,,50,1,10,name.com,,
675b71fb-28fd-4aaf-87b1-bb8ee6c894c0,appraised.school,available,9.99,,50,4,9,name.com,,
67628c39-13e4-41ce-9901-7391352a0bc0,watches.school,available,9.99,,84,19,7,name.com,,
67d6b139-3093-427b-b02d-f1bd87633bf4,lives.school,available,9.99,,64,15,5,name.com,,
67f532d1-0194-4c89-8f5f-d8433e9b9e97,planets.school,available,9.99,,60,13,7,name.com,,
681c5d90-2da8-428f-af94-125d4c2d2d16,runon.school,available,9.99,,67,4,6,name.com,,
6825f5b5-81cc-4e93-90f8-3711908ebd7b,manycoloured.school,available,9.99,,60,1,13,name.com,,
682c354c-e33d-4276-95a1-30a73acfd174,divas.school,available,9.99,,62,10,5,name.com,,
682c83cd-aaab-48d6-83f3-06513df364a4,makings.school,available,9.99,,70,3,7,name.com,,
68398191-f6f5-4639-822a-825ed5065de7,communityspirit.school,available,9.99,,72,2,16,name.com,,
683cf7ca-8f1d-446c-b896-c8df24227e3e,alcoholintoxication.school,available,9.99,,48,1,20,name.com,,
684ca53a-6769-4c97-a4b0-e25584827b1f,fits.school,available,9.99,,54,15,4,name.com,,
68818678-e163-4012-9655-eb9f9db0513c,skirting.school,available,9.99,,64,3,8,name.com,,
6897171c-9cb4-4644-8042-dedb78f2d6bf,gettogether.school,available,9.99,,82,8,12,name.com,,
68a1f688-395a-4683-849d-d0f6ae88fc55,decoders.school,available,9.99,,50,5,8,name.com,,
68d1a029-2ba5-478d-ad31-cc40951a3468,webcontent.school,available,9.99,,78,5,11,name.com,,
68d8ffc8-e1f4-479d-b5c9-3ffd50c0d048,myGod.school,available,49.98,,74,9,6,namecheap,,
68f3087a-3dec-4224-a41f-110e4e6e1cd3,takeout.school,available,9.99,,75,16,8,name.com,,
68f3221e-9e90-4245-8a23-453ce07738d9,goeasy.school,available,9.99,,76,11,7,name.com,,
690cb893-02f2-4318-a160-82e0dae7f5b1,adventures.school,available,9.99,,64,18,10,name.com,,
6914b2fb-1b36-4294-9bd7-35984764b0a5,pigeons.school,available,9.99,,50,10,7,name.com,,
691a5e4b-4283-4c4f-b074-eb0a8ce4eaab,changeoftune.school,available,9.99,,64,0,14,name.com,,
691c9592-dd5c-4da9-ac48-f9c7fa351120,grandefinale.school,available,9.99,,70,2,13,name.com,,
6931383a-a6d3-48be-a033-7acb9e3da4db,wellmanaged.school,available,9.99,,60,4,12,name.com,,